INSR_BEGIN,INSR_END,EFFECTIVE_YR,INSR_TYPE,INSURED_VALUE,PREMIUM,OBJECT_ID,PROD_YEAR,CARRYING_CAPACITY,TYPE_VEHICLE,CCM_TON,MAKE,USAGE,CLAIM_PAID
08-08-2013,07-08-2014,8,1202,519755.22,7209.14,5000029885,2007,6,Pick-up,3153,NISSAN,Own Goods,
08-08-2012,07-08-2013,8,1202,519755.22,7203.89,5000029885,2007,6,Pick-up,3153,NISSAN,Own Goods,
08-08-2011,07-08-2012,8,1202,519755.22,7045.804,5000029885,2007,6,Pick-up,3153,NISSAN,Own Goods,
08-07-2011,07-08-2011,8,1202,519755.22,287.25,5000029885,2007,6,Pick-up,3153,NISSAN,Own Goods,
08-08-2013,07-08-2014,8,1202,285451.24,4286.9,5000029901,2010,7,Pick-up,2494,TOYOTA,Own Goods,19894.43
08-08-2012,07-08-2013,8,1202,285451.24,4286.65,5000029901,2010,7,Pick-up,2494,TOYOTA,Own Goods,26916.44
08-08-2011,07-08-2012,8,1202,285451.24,4123.564,5000029901,2010,7,Pick-up,2494,TOYOTA,Own Goods,
08-07-2011,07-08-2011,8,1202,285451.24,155.01,5000029901,2010,7,Pick-up,2494,TOYOTA,Own Goods,
08-07-2012,07-07-2013,11,1201,200000,3452.65,5000030346,1982,,Station Wagones,4164,TOYOTA,Private,
08-08-2011,07-07-2012,11,1201,200000,3077.54,5000030346,1982,,Station Wagones,4164,TOYOTA,Private,
08-07-2011,07-08-2011,1,1201,200000,111.22,5000030346,1982,,Station Wagones,4164,TOYOTA,Private,
24-11-2013,23-11-2014,12,1202,3400000,44618.41,5000030358,2012,220,Truck,12880,IVECO,General Cartage,
28-11-2012,27-11-2013,12,1202,0,3427.75,5000030358,2012,220,Truck,12880,IVECO,General Cartage,
24-11-2012,23-11-2013,12,1202,3200000,53018.73,5000030358,2012,220,Truck,12880,IVECO,General Cartage,
21-09-2013,20-09-2014,13,1202,0,2403.82,5000030363,1998,11,Bus,2985,TOYOTA,Fare Paying Passengers,
01-12-2011,30-11-2012,11,1202,0,2512.27,5000030375,1990,0,Bus,2279,TOYOTA,Taxi,
10-09-2011,09-09-2012,7,1201,152038,3747.89,5000030533,2004,,Automobile,1995,TOYOTA,Private,
04-12-2011,03-12-2012,61,1201,400000,6258.45,5000030538,2005,,Automobile,1794,TOYOTA,Private,
12-12-2013,11-12-2014,6,1202,1636927.58,20193.64,5000031227,2008,153,Truck,11945,MITSUBISHI,General Cartage,
12-12-2012,11-12-2013,6,1202,1636927.58,21551.76,5000031227,2008,153,Truck,11945,MITSUBISHI,General Cartage,
12-12-2011,11-12-2012,6,1202,1636927.58,12364.956,5000031227,2008,153,Truck,11945,MITSUBISHI,General Cartage,
09-01-2014,08-01-2015,14,1202,300000,11755.08,5000031259,1999,0,Bus,2985,TOYOTA,Fare Paying Passengers,
03-08-2012,02-08-2013,12,1202,350000,14650.95,5000031259,1999,0,Bus,2985,TOYOTA,Fare Paying Passengers,
03-08-2011,02-08-2012,74,1202,350000,10364.6,5000031259,1999,0,Bus,2985,TOYOTA,Fare Paying Passengers,
20-10-2012,19-10-2013,12,1202,0,1803.65,5000031260,1995,0,Bus,2779,TOYOTA,Taxi,
18-12-2012,17-12-2013,11,1202,2363510,29682.18,5000031270,2010,18000,Tanker,12880,IVECO,General Cartage,
19-11-2011,18-11-2012,11,1202,2363510,30371.49,5000031270,2010,18000,Tanker,12880,IVECO,General Cartage,105388.2
09-08-2012,08-08-2013,12,1202,350000,12469.51,5000031274,2000,12,Bus,2985,TOYOTA,Fare Paying Passengers,
09-08-2011,08-08-2012,10,1202,247250,10580.135,5000031274,2000,12,Bus,2985,TOYOTA,Fare Paying Passengers,
31-10-2013,30-10-2014,10,1202,1184500,21482.02,5000031283,1999,164.3,Truck,13798,IVECO,General Cartage,
28-10-2012,27-10-2013,10,1202,1184500,22703.4,5000031283,1999,164.3,Truck,13798,IVECO,General Cartage,
28-10-2011,27-10-2012,10,1202,1184500,25401.527,5000031283,1999,164.3,Truck,13798,IVECO,General Cartage,
13-07-2012,12-07-2013,10,1202,543355.9,5580.55,5000031294,2010,,Trailers and semitrailers,0,MESFIN,General Cartage,
13-07-2011,12-07-2012,10,1202,543355.9,5897.36,5000031294,2010,,Trailers and semitrailers,0,MESFIN,General Cartage,
13-07-2012,12-07-2013,10,1202,2592457.65,20620.39,5000031298,2010,158,Truck,12880,IVECO,General Cartage,
13-07-2011,12-07-2012,10,1202,2592457.65,19928.235,5000031298,2010,158,Truck,12880,IVECO,General Cartage,
20-03-2013,19-03-2014,9,1202,605000,19795.18,5000031299,1995,220,Truck,13798,FIAT,General Cartage,
13-07-2012,12-07-2013,10,1202,543355.9,8545.09,5000031299,1995,220,Truck,13798,FIAT,General Cartage,
16-03-2012,15-03-2013,9,1202,605000,24469.21,5000031299,1995,220,Truck,13798,FIAT,General Cartage,
13-07-2011,12-07-2012,10,1202,543355.9,8164.378,5000031299,1995,220,Truck,13798,FIAT,General Cartage,
13-07-2012,12-07-2013,10,1202,2592457.65,29687.41,5000031300,2010,158,Truck,1288,IVECO,General Cartage,
13-07-2011,12-07-2012,10,1202,2592457.65,28734.955,5000031300,2010,158,Truck,1288,IVECO,General Cartage,
30-10-2013,29-10-2014,12,1202,0,3745.65,5000031441,1985,36.7,Truck,6560,FIAT,General Cartage,
30-10-2012,29-10-2013,12,1202,0,2549.45,5000031441,1985,36.7,Truck,6560,FIAT,General Cartage,
27-11-2013,26-11-2014,10,1202,2550000,34730.13,5000031488,2010,155.1,Truck,0,IVECO,General Cartage,
27-11-2012,26-11-2013,10,1202,2550000,26870.64,5000031488,2010,155.1,Truck,0,IVECO,General Cartage,
27-11-2011,26-11-2012,10,1202,2550000,39008.4,5000031488,2010,155.1,Truck,0,IVECO,General Cartage,
27-11-2013,26-11-2014,10,1202,2550000,34725.13,5000031489,2010,155.1,Truck,0,IVECO,General Cartage,
27-11-2012,26-11-2013,10,1202,2550000,36036.18,5000031489,2010,155.1,Truck,0,IVECO,General Cartage,
27-11-2011,26-11-2012,10,1202,2550000,39003.4,5000031489,2010,155.1,Truck,0,IVECO,General Cartage,
27-11-2013,26-11-2014,10,1202,650000,8652.88,5000031490,2010,80,Truck,11548,FIAT,General Cartage,
27-11-2012,26-11-2013,10,1202,650000,6632.37,5000031490,2010,80,Truck,11548,FIAT,General Cartage,
27-11-2011,26-11-2012,10,1202,650000,9750.87,5000031490,2010,80,Truck,11548,FIAT,General Cartage,
27-11-2013,26-11-2014,10,1202,650000,8673.38,5000031491,2010,228.2,Trailers and semitrailers,0,MARU,General Cartage,
27-11-2012,26-11-2013,10,1202,650000,6647.37,5000031491,2010,228.2,Trailers and semitrailers,0,MARU,General Cartage,
27-11-2011,26-11-2012,10,1202,650000,9761.37,5000031491,2010,228.2,Trailers and semitrailers,0,MARU,General Cartage,
10-07-2013,09-07-2014,97,1202,196205,2241.68,5000031494,1999,10,Pick-up,0,ISUZU,Own Goods,
08-07-2012,07-07-2013,97,1202,196205,2406.76,5000031494,1999,10,Pick-up,0,ISUZU,Own Goods,
08-07-2011,07-07-2012,97,1202,196000,2710.11,5000031494,1999,10,Pick-up,0,ISUZU,Own Goods,
08-07-2012,07-07-2013,89,1201,37500,1251.8,5000031496,1991,,Automobile,1166,TOYOTA,Private,
08-07-2011,07-07-2012,89,1201,37500,599,5000031496,1991,,Automobile,1166,TOYOTA,Private,
08-07-2013,07-07-2014,97,1201,164516,2900.09,5000031501,1993,,Automobile,4164,TOYOTA,Private,
08-07-2012,07-07-2013,97,1201,164516,3413.05,5000031501,1993,,Automobile,4164,TOYOTA,Private,70809.3
08-07-2011,07-07-2012,97,1201,164516,1898.492,5000031501,1993,,Automobile,4164,TOYOTA,Private,
21-02-2013,20-02-2014,9,1202,0,2637.45,5000031461,1974,53.6,Truck,5675,MERCEDES,General Cartage,
21-02-2012,20-02-2013,9,1202,0,1851.8,5000031461,1974,53.6,Truck,5675,MERCEDES,General Cartage,
04-09-2011,03-09-2012,10,1202,968656,18203.947,5000031479,2010,0,Truck,8226,ISUZU,General Cartage,
04-09-2011,03-09-2012,10,1202,968656,18203.947,5000031480,2010,0,Truck,8226,ISUZU,General Cartage,
12-10-2013,11-10-2014,72,1202,2600000,33405.25,5000031502,2010,155.9,Truck,12880,IVECO,General Cartage,
12-10-2012,11-10-2013,72,1202,2600000,35160.37,5000031502,2010,155.9,Truck,12880,IVECO,General Cartage,
05-10-2011,11-10-2011,63,1202,0,246.768,5000031502,2010,155.9,Truck,12880,IVECO,General Cartage,
12-10-2011,11-10-2012,72,1202,2600000,38728.4,5000031502,2010,155.9,Truck,12880,IVECO,General Cartage,23840.01
08-07-2013,07-07-2014,97,1201,242209,4023.08,5000031506,1995,,Automobile,4164,TOYOTA,Private,
08-07-2012,07-07-2013,97,1201,242209,4778.29,5000031506,1995,,Automobile,4164,TOYOTA,Private,
08-07-2011,07-07-2012,97,1201,242209,2685.03,5000031506,1995,,Automobile,4164,TOYOTA,Private,
08-07-2013,07-07-2014,97,1201,473778,6722.11,5000031507,2000,,Automobile,2779,TOYOTA,Private,1026.67
08-07-2012,07-07-2013,97,1201,473778,8189.35,5000031507,2000,,Automobile,2779,TOYOTA,Private,
08-07-2011,07-07-2012,97,1201,473778,4619.345,5000031507,2000,,Automobile,2779,TOYOTA,Private,
08-07-2013,07-07-2014,97,1201,438578,6428.19,5000031508,1999,,Automobile,4169,NISSAN,Private,
08-07-2012,07-07-2013,97,1201,438578,7795.68,5000031508,1999,,Automobile,4169,NISSAN,Private,
08-07-2011,07-07-2012,97,1201,438578,4489.221,5000031508,1999,,Automobile,4169,NISSAN,Private,
08-07-2013,07-07-2014,97,1201,123208,2472.9,5000031510,1997,,Automobile,4169,NISSAN,Private,
08-07-2012,07-07-2013,97,1201,123208,2857.06,5000031510,1997,,Automobile,4169,NISSAN,Private,
08-07-2011,07-07-2012,97,1201,123208,1731.12,5000031510,1997,,Automobile,4169,NISSAN,Private,
08-07-2013,07-07-2014,97,1201,242209,3889.98,5000031511,1995,,Automobile,2779,TOYOTA,Private,
08-07-2012,07-07-2013,97,1201,242209,4645.19,5000031511,1995,,Automobile,2779,TOYOTA,Private,
08-07-2011,07-07-2012,97,1201,242209,2653.328,5000031511,1995,,Automobile,2779,TOYOTA,Private,
08-07-2013,07-07-2014,97,1201,438578,6428.19,5000031512,1999,,Automobile,4169,NISSAN,Private,
08-07-2012,07-07-2013,97,1201,438578,7800.68,5000031512,1999,,Automobile,4169,NISSAN,Private,
08-07-2011,07-07-2012,97,1201,438578,4489.221,5000031512,1999,,Automobile,4169,NISSAN,Private,
08-07-2013,07-07-2014,97,1201,438578,6406.19,5000031513,2000,,Automobile,4169,NISSAN,Private,
08-07-2012,07-07-2013,97,1201,438578,7778.68,5000031513,2000,,Automobile,4169,NISSAN,Private,
08-07-2011,07-07-2012,97,1201,438578,4473.37,5000031513,2000,,Automobile,4169,NISSAN,Private,8699.9
08-07-2013,07-07-2014,97,1201,440795.58,6499.85,5000031515,2002,,Automobile,4164,TOYOTA,Private,
08-07-2012,07-07-2013,97,1201,440795.58,7874.25,5000031515,2002,,Automobile,4164,TOYOTA,Private,
08-07-2011,07-07-2012,97,1201,440795.58,4411.8,5000031515,2002,,Automobile,4164,TOYOTA,Private,
08-07-2013,07-07-2014,97,1201,440795.58,5157.23,5000031517,2000,,Automobile,2874,ZZ,Private,
08-07-2012,07-07-2013,97,1201,0,759.15,5000031517,2000,,Automobile,2874,ZZ,Private,
08-07-2013,07-07-2014,97,1201,442674.87,6457.29,5000031520,2003,,Automobile,4164,TOYOTA,Private,
08-07-2012,07-07-2013,97,1201,442674.87,7837.55,5000031520,2003,,Automobile,4164,TOYOTA,Private,
08-07-2011,07-07-2012,97,1201,442674.87,4390.597,5000031520,2003,,Automobile,4164,TOYOTA,Private,16617.16
08-07-2012,07-07-2013,95,1201,800000,7323.16,5000031525,1991,,Automobile,4394,RANGEROVER,Private,
08-07-2011,07-07-2012,95,1201,800000,6807.12,5000031525,1991,,Automobile,4394,RANGEROVER,Private,
08-07-2012,07-07-2013,95,1201,1730000,14875.81,5000031534,1991,,Automobile,4799,BMW,Private,
08-07-2011,07-07-2012,95,1201,1730000,14457.901,5000031534,1991,,Automobile,4799,BMW,Private,
12-10-2012,11-10-2013,79,1202,900000,32555.03,5000031537,2002,0,Automobile,4164,TOYOTA,Car Hires,
03-10-2011,02-10-2012,79,1202,900000,30218.209,5000031537,2002,0,Automobile,4164,TOYOTA,Car Hires,
03-10-2013,02-10-2014,11,1201,20399,829.947,5000029809,2008,0,Motor-cycle,171,YAMAHA,Private,
08-08-2012,07-08-2013,11,1201,20399,379.5,5000029809,2008,0,Motor-cycle,171,YAMAHA,Private,
12-03-2013,11-03-2014,13,1201,20399,481.27,5000029809,2008,0,Motor-cycle,171,YAMAHA,Private,
03-10-2013,02-10-2014,11,1201,214174.05,3319.23,5000029812,2006,,Automobile,1300,SUZUKI,Private,
08-08-2012,07-08-2013,11,1201,214174.05,3319.23,5000029812,2006,,Automobile,1300,SUZUKI,Private,2100
08-08-2011,07-08-2012,11,1201,214174.05,3103.985,5000029812,2006,,Automobile,1300,SUZUKI,Private,
08-07-2013,07-07-2014,8,1202,657894.09,13151.61,5000030847,1998,45,Bus,2000,IVECO,Own service,
08-07-2012,07-07-2013,8,1202,657894.09,14053.7,5000030847,1998,45,Bus,2000,IVECO,Own service,
08-07-2011,07-07-2012,8,1202,657894.09,13714.74,5000030847,1998,45,Bus,2000,IVECO,Own service,
08-07-2013,07-07-2014,8,1202,734441.83,11894.07,5000030857,2007,45,Bus,8071,IVECO,Own service,
08-07-2012,07-07-2013,8,1202,734441.83,12600.77,5000030857,2007,45,Bus,8071,IVECO,Own service,
08-07-2011,07-07-2012,8,1202,734441.83,12086.44,5000030857,2007,45,Bus,8071,IVECO,Own service,
18-07-2013,17-07-2014,91,1202,30000,2311.47,5000031135,1983,7,Pick-up,1584,ISUZU,Own Goods,
18-07-2012,17-07-2013,91,1202,30000,2103.3,5000031135,1983,7,Pick-up,1584,ISUZU,Own Goods,
18-07-2011,17-07-2012,91,1202,30000,1594.854,5000031135,1983,7,Pick-up,1584,ISUZU,Own Goods,5232.5
18-07-2013,17-07-2014,91,1202,52000,1433.8,5000031138,1988,10,Pick-up,2494,NISSAN,Own Goods,
18-07-2012,17-07-2013,91,1202,52000,1376,5000031138,1988,10,Pick-up,2494,NISSAN,Own Goods,
18-07-2011,17-07-2012,91,1202,52000,1135.649,5000031138,1988,10,Pick-up,2494,NISSAN,Own Goods,
18-07-2013,17-07-2014,91,1202,310779,4601.51,5000031150,2006,7,Pick-up,2477,MITSUBISHI,Own Goods,
18-07-2012,17-07-2013,91,1202,310779,4312.31,5000031150,2006,7,Pick-up,2477,MITSUBISHI,Own Goods,
18-07-2011,17-07-2012,91,1202,310779,4030.014,5000031150,2006,7,Pick-up,2477,MITSUBISHI,Own Goods,
26-07-2013,25-07-2014,12,1202,370250,9276.19,5000031524,2002,0,Bus,2985,TOYOTA,Fare Paying Passengers,
26-07-2012,25-07-2013,12,1202,370250,9798.88,5000031524,2002,0,Bus,2985,TOYOTA,Fare Paying Passengers,
01-08-2011,31-07-2012,10,1202,270250,10184.399,5000031524,2002,0,Bus,2985,TOYOTA,Fare Paying Passengers,
03-08-2013,02-08-2014,10,1202,532701.86,9535.25,5000031539,2010,220,Trailers and semitrailers,0,MESFIN,General Cartage,
03-08-2012,02-08-2013,10,1202,532701.86,7370.8,5000031539,2010,220,Trailers and semitrailers,0,MESFIN,General Cartage,2340562.5
03-08-2011,02-08-2012,10,1202,532701.86,7423.398,5000031539,2010,220,Trailers and semitrailers,0,MESFIN,General Cartage,
08-07-2012,07-07-2013,95,1201,710000,6658.26,5000031543,1991,,Station Wagones,4164,TOYOTA,Private,
08-07-2011,07-07-2012,95,1201,710000,6174.351,5000031543,1991,,Station Wagones,4164,TOYOTA,Private,
08-07-2012,07-07-2013,95,1201,1154342.23,10288.82,5000031545,1991,,Station Wagones,4200,TOYOTA,Private,
08-07-2011,07-07-2012,95,1201,1154342.23,9782.911,5000031545,1991,,Station Wagones,4200,TOYOTA,Private,
08-07-2012,07-07-2013,95,1201,425000,4193.63,5000031553,1991,,Automobile,2779,TOYOTA,Private,
08-07-2011,07-07-2012,95,1201,425000,3810.75,5000031553,1991,,Automobile,2779,TOYOTA,Private,
08-07-2012,07-07-2013,95,1201,220000,2434.7,5000031554,1991,,Automobile,1298,DAIHATSU TERIOS,Private,
08-07-2011,07-07-2012,95,1201,220000,2096.86,5000031554,1991,,Automobile,1298,DAIHATSU TERIOS,Private,4218.36
08-07-2012,07-07-2013,95,1201,220000,2434.7,5000031555,1991,,Automobile,1298,DAIHATSU TERIOS,Private,
08-07-2011,07-07-2012,95,1201,220000,2096.86,5000031555,1991,,Automobile,1298,DAIHATSU TERIOS,Private,
08-07-2012,07-07-2013,95,1201,225000,2475.31,5000031556,1991,,Automobile,1298,DAIHATSU TERIOS,Private,
08-07-2011,07-07-2012,95,1201,225000,2137.47,5000031556,1991,,Automobile,1298,DAIHATSU TERIOS,Private,
08-07-2012,07-07-2013,95,1201,225000,2480.31,5000031557,1991,,Automobile,1298,DAIHATSU TERIOS,Private,
08-07-2011,07-07-2012,95,1201,225000,2142.47,5000031557,1991,,Automobile,1298,DAIHATSU TERIOS,Private,
24-09-2011,23-09-2012,10,1202,1200000,26998.58,5000031570,2010,0,Truck,8226,ISUZU,General Cartage,2172372.46
05-07-2013,04-07-2014,80,1201,356108.72,5035.09,5000031609,1995,,Station Wagones,4169,NISSAN,Private,
05-07-2012,04-07-2013,80,1201,356108.72,5080.64,5000031609,1995,,Station Wagones,4169,NISSAN,Private,
05-07-2011,04-07-2012,80,1201,356108.72,5058.168,5000031609,1995,,Station Wagones,4169,NISSAN,Private,
05-07-2013,04-07-2014,80,1201,216940.72,3805.99,5000031624,2006,,Automobile,1328,SUZUKI,Private,
05-07-2012,04-07-2013,80,1201,216940.72,2708.41,5000031624,2006,,Automobile,1328,SUZUKI,Private,77475
05-07-2011,04-07-2012,80,1201,216940.72,2517.515,5000031624,2006,,Automobile,1328,SUZUKI,Private,
05-07-2013,04-07-2014,80,1201,212246,4155.22,5000031631,2002,,Automobile,4000,MITSUBISHI,Private,12420.17
05-07-2012,04-07-2013,80,1201,212246,3317.2,5000031631,2002,,Automobile,4000,MITSUBISHI,Private,8496.3
05-07-2011,04-07-2012,80,1201,0,2992.055,5000031631,2002,,Automobile,4000,MITSUBISHI,Private,
05-07-2013,04-07-2014,80,1201,382500,5241.49,5000031628,1999,,Automobile,2835,MITSUBISHI,Private,
05-07-2012,04-07-2013,80,1201,382500,5375.62,5000031628,1999,,Automobile,2835,MITSUBISHI,Private,
05-07-2011,04-07-2012,80,1201,382500,6547.332,5000031628,1999,,Automobile,2835,MITSUBISHI,Private,
05-07-2013,04-07-2014,80,1201,178500,2836.16,5000031630,1998,,Automobile,1270,NISSAN,Private,25399.99
05-07-2012,04-07-2013,80,1201,178500,2990.88,5000031630,1998,,Automobile,1270,NISSAN,Private,
05-07-2011,04-07-2012,80,1201,178500,2807.475,5000031630,1998,,Automobile,1270,NISSAN,Private,
05-07-2013,04-07-2014,80,1201,23883.16,631.7,5000031632,2002,,Motor-cycle,182,SUZUKI,Private,
05-07-2012,04-07-2013,80,1201,23883.16,657.62,5000031632,2002,,Motor-cycle,182,SUZUKI,Private,
05-07-2011,04-07-2012,80,1201,23883.16,622.979,5000031632,2002,,Motor-cycle,182,SUZUKI,Private,
08-07-2013,07-07-2014,79,1201,60000,1418.37,5000031667,1984,,Automobile,1587,TOYOTA,Private,
08-07-2012,07-07-2013,79,1201,60000,1418.37,5000031667,1984,,Automobile,1587,TOYOTA,Private,
08-07-2011,07-07-2012,79,1201,55000,924.168,5000031667,1984,,Automobile,1587,TOYOTA,Private,
08-07-2013,07-07-2014,79,1201,380000,5409.41,5000031675,2007,,Automobile,1586,SUZUKI,Private,
08-07-2012,07-07-2013,79,1201,380000,5409.41,5000031675,2007,,Automobile,1586,SUZUKI,Private,9698
08-07-2011,07-07-2012,79,1201,221238,2580.098,5000031675,2007,,Automobile,1586,SUZUKI,Private,0
21-08-2011,20-08-2012,6,1202,700000,21787.089,5000031723,1991,535,Truck,0,FIAT,General Cartage,2602668
08-10-2011,07-10-2012,26,1202,565818,15276.3,5000031696,2009,0,Bus,0,ISUZU,Fare Paying Passengers,
21-08-2011,20-08-2012,6,1202,200000,8104.969,5000031726,2013,15,Bus,2494,TOYOTA,Fare Paying Passengers,867556
10-11-2013,09-11-2014,12,1202,800000,22478.855,5000031777,2005,0,Truck,8226,ISUZU,General Cartage,3644646.8
06-11-2012,05-11-2013,12,1202,800000,23676.11,5000031777,2005,0,Truck,8226,ISUZU,General Cartage,
22-10-2011,21-10-2012,11,1202,800000,25074.61,5000031777,2005,0,Truck,8226,ISUZU,General Cartage,
09-01-2014,08-01-2015,12,1202,200000,1837.96,5000031798,1980,103.2,Trailers and semitrailers,0,CALABRASE,General Cartage,
07-01-2013,06-01-2014,12,1202,200000,5521.97,5000031798,1980,103.2,Trailers and semitrailers,0,CALABRASE,General Cartage,
07-01-2012,06-01-2013,12,1202,200000,6794.57,5000031798,1980,103.2,Trailers and semitrailers,0,CALABRASE,General Cartage,
11-10-2013,10-10-2014,8,1202,850000,12249.05,5000031815,2006,0,Truck,8226,ISUZU,General Cartage,
11-10-2012,10-10-2013,8,1202,770500,23463.63,5000031815,2006,0,Truck,8226,ISUZU,General Cartage,
11-10-2011,10-10-2012,8,1202,0,4448.79,5000031815,2006,0,Truck,8226,ISUZU,General Cartage,
12-10-2011,11-10-2012,9,1202,770500,20065.3,5000031815,2006,0,Truck,8226,ISUZU,General Cartage,
17-07-2013,16-07-2014,11,1202,272376.56,6699.64,5000031846,1982,150,Truck,11630,DAF,General Cartage,897064.28
08-07-2012,07-07-2013,11,1202,272316.56,4936.01,5000031846,1982,150,Truck,11630,DAF,General Cartage,
08-07-2011,07-07-2012,11,1202,272316.56,6984.549,5000031846,1982,150,Truck,11630,DAF,General Cartage,
17-07-2013,16-07-2014,11,1202,272376.56,7729.74,5000031848,1982,150,Truck,12800,DAF,General Cartage,
08-07-2012,07-07-2013,11,1202,272316.56,4936.01,5000031850,1992,147,Truck,11630,FIAT,General Cartage,
08-07-2011,07-07-2012,11,1202,272316.56,6115.945,5000031850,1992,147,Truck,11630,FIAT,General Cartage,
17-07-2013,16-07-2014,11,1202,876000,18003.74,5000031852,1992,151,Truck,11630,FIAT,General Cartage,
08-07-2012,07-07-2013,11,1202,876000,13661.53,5000031852,1992,151,Truck,11630,FIAT,General Cartage,
08-07-2011,07-07-2012,11,1202,876000,14840.275,5000031852,1992,151,Truck,11630,FIAT,General Cartage,
17-07-2013,16-07-2014,11,1202,272376.56,8404.77,5000031853,1992,147,Truck,11630,DAF,General Cartage,
08-07-2012,07-07-2013,11,1202,272316.56,4936.01,5000031853,1992,147,Truck,11630,DAF,General Cartage,
08-07-2011,07-07-2012,11,1202,272316.56,6843.408,5000031853,1992,147,Truck,11630,DAF,General Cartage,
13-12-2013,12-12-2014,6,1202,330000,5605.34,5000031854,2006,228.2,Trailers and semitrailers,11630,MARU,General Cartage,
08-07-2012,07-07-2013,11,1202,272316.56,4436.01,5000031854,2006,228.2,Trailers and semitrailers,11630,MARU,General Cartage,
13-12-2012,12-12-2013,6,1202,330000,5919.71,5000031854,2006,228.2,Trailers and semitrailers,11630,MARU,General Cartage,
13-12-2011,12-12-2012,6,1202,330000,6187.38,5000031854,2006,228.2,Trailers and semitrailers,11630,MARU,General Cartage,
08-07-2011,07-07-2012,11,1202,272316.56,5150.431,5000031854,2006,228.2,Trailers and semitrailers,11630,MARU,General Cartage,
08-07-2012,07-07-2013,11,1202,272316.56,4936.01,5000031857,1998,147,Truck,11630,NISSAN,General Cartage,
08-07-2011,07-07-2012,11,1202,272316.56,6843.408,5000031857,1998,147,Truck,11630,NISSAN,General Cartage,
17-07-2013,16-07-2014,11,1202,276376.5,7328.78,5000031859,1992,147,Truck,11630,FIAT,General Cartage,
08-07-2012,07-07-2013,11,1202,272316.56,4936.01,5000031859,1992,147,Truck,11630,FIAT,General Cartage,
08-07-2011,07-07-2012,11,1202,272316.56,6115.945,5000031859,1992,147,Truck,11630,FIAT,General Cartage,
08-07-2012,07-07-2013,11,1202,272316.56,4936.01,5000031862,1982,147,Truck,11630,NISSAN,General Cartage,
08-07-2011,07-07-2012,11,1202,272316.56,6843.408,5000031862,1982,147,Truck,11630,NISSAN,General Cartage,
17-07-2013,16-07-2014,11,1202,50000,1517.52,5000031864,1992,141,Trailers and semitrailers,5600,FARID,General Cartage,
08-07-2012,07-07-2013,11,1202,50000,1222.69,5000031864,1992,141,Trailers and semitrailers,5600,FARID,General Cartage,
08-07-2011,07-07-2012,11,1202,50000,1437.551,5000031864,1992,141,Trailers and semitrailers,5600,FARID,General Cartage,
08-07-2012,07-07-2013,11,1202,272316.56,4936.01,5000031865,1992,147,Truck,11630,NISSAN,General Cartage,
08-07-2011,07-07-2012,11,1202,272316.56,6843.408,5000031865,1992,147,Truck,11630,NISSAN,General Cartage,
17-07-2013,16-07-2014,11,1202,276376.5,7460.78,5000031867,1992,141,Truck,11630,FIAT,General Cartage,
08-07-2012,07-07-2013,11,1202,272316.56,4936.01,5000031867,1992,141,Truck,11630,FIAT,General Cartage,
08-07-2011,07-07-2012,11,1202,272316.56,6115.945,5000031867,1992,141,Truck,11630,FIAT,General Cartage,
08-07-2012,07-07-2013,11,1202,272316.56,4936.01,5000031868,1992,147,Truck,11630,FIAT,General Cartage,
08-07-2011,07-07-2012,11,1202,272316.56,6115.945,5000031868,1992,147,Truck,11630,FIAT,General Cartage,
17-07-2013,16-07-2014,11,1202,272376.56,7709.26,5000031874,1992,147,Truck,11630,FIAT,General Cartage,
08-07-2012,07-07-2013,11,1202,272316.56,4936.01,5000031874,1992,147,Truck,11630,FIAT,General Cartage,
08-07-2011,07-07-2012,11,1202,272316.56,6115.945,5000031874,1992,147,Truck,11630,FIAT,General Cartage,
17-07-2013,16-07-2014,11,1202,272376.56,7709.26,5000031879,1992,147,Truck,11630,FIAT,General Cartage,
08-07-2012,07-07-2013,11,1202,272316.56,4936.01,5000031879,1992,147,Truck,11630,FIAT,General Cartage,
08-07-2011,07-07-2012,11,1202,272316.56,6115.945,5000031879,1992,147,Truck,11630,FIAT,General Cartage,
08-07-2012,07-07-2013,11,1202,272316.56,4936.01,5000031882,1988,151,Truck,11630,NISSAN,General Cartage,
08-07-2011,07-07-2012,11,1202,272316.56,6984.549,5000031882,1988,151,Truck,11630,NISSAN,General Cartage,
17-07-2013,16-07-2014,11,1202,272376.56,7709.26,5000031889,1992,147,Truck,11630,DAF,General Cartage,
08-07-2012,07-07-2013,11,1202,272316.56,4936.01,5000031889,1992,147,Truck,11630,DAF,General Cartage,
08-07-2011,07-07-2012,11,1202,272316.56,6843.408,5000031889,1992,147,Truck,11630,DAF,General Cartage,
08-07-2012,07-07-2013,11,1202,50000,1222.69,5000031891,1992,141,Trailers and semitrailers,5600,FARID,General Cartage,
08-07-2011,07-07-2012,11,1202,50000,1442.551,5000031891,1992,141,Trailers and semitrailers,5600,FARID,General Cartage,
08-07-2012,07-07-2013,11,1202,272316.56,4936.01,5000031894,1982,147,Truck,11630,DAF,General Cartage,
08-07-2011,07-07-2012,11,1202,272316.56,6843.408,5000031894,1982,147,Truck,11630,DAF,General Cartage,
17-07-2013,16-07-2014,11,1202,50000,1629.02,5000031897,1992,133,Trailers and semitrailers,5600,FARID,General Cartage,
08-07-2012,07-07-2013,11,1202,50000,1222.69,5000031897,1992,133,Trailers and semitrailers,5600,FARID,General Cartage,
08-07-2011,07-07-2012,11,1202,50000,1437.551,5000031897,1992,133,Trailers and semitrailers,5600,FARID,General Cartage,
08-07-2012,07-07-2013,11,1202,50000,1222.69,5000031899,1988,141,Trailers and semitrailers,5600,FARID,General Cartage,
08-07-2011,07-07-2012,11,1202,50000,1437.551,5000031899,1988,141,Trailers and semitrailers,5600,FARID,General Cartage,
26-07-2013,25-07-2014,73,1202,132000,10086.54,5000029723,1981,250,Truck,13798,FIAT,General Cartage,
26-07-2012,25-07-2013,73,1202,132000,10495.61,5000029723,1981,250,Truck,13798,FIAT,General Cartage,
26-07-2011,25-07-2012,73,1202,132000,10239.866,5000029723,1981,250,Truck,13798,FIAT,General Cartage,
07-11-2013,06-11-2014,5,1201,190548.3,2434.07,5000029736,1991,,Automobile,1796,BMW,Private,
07-11-2012,06-11-2013,5,1201,190548.3,2450.24,5000029736,1991,,Automobile,1796,BMW,Private,
26-10-2011,25-10-2012,5,1201,190548.3,2400.6,5000029736,1991,,Automobile,1796,BMW,Private,
08-08-2013,07-08-2014,7,1201,317794.96,4788.69,5000031192,2009,,Station Wagones,2986,TOYOTA,Private,
08-08-2012,07-08-2013,7,1201,317794.96,4788.69,5000031192,2009,,Station Wagones,2986,TOYOTA,Private,46827.16
08-08-2011,07-08-2012,7,1201,317794.96,4651.793,5000031192,2009,,Station Wagones,2986,TOYOTA,Private,
08-07-2011,07-08-2011,7,1201,317794.96,205.46,5000031192,2009,,Station Wagones,2986,TOYOTA,Private,
10-07-2013,09-07-2014,97,1202,169000,8842.04,5000031495,1983,450,Truck,11520,FIAT,General Cartage,
08-07-2012,07-07-2013,97,1202,169000,9081.61,5000031495,1983,450,Truck,11520,FIAT,General Cartage,
08-07-2011,07-07-2012,97,1202,200000,8570.083,5000031495,1983,450,Truck,11520,FIAT,General Cartage,
26-09-2013,25-09-2014,97,1202,395398,5653.15,5000031498,2002,7,Pick-up,2779,TOYOTA,Own Goods,
16-10-2012,15-10-2013,97,1202,395398,5653.15,5000031498,2002,7,Pick-up,2779,TOYOTA,Own Goods,
08-07-2011,07-07-2012,97,1202,395398,3959.189,5000031498,2002,7,Pick-up,2779,TOYOTA,Own Goods,
26-09-2013,25-09-2014,97,1202,395398,5653.15,5000031499,2002,7,Pick-up,2799,TOYOTA,Own Goods,
16-10-2012,15-10-2013,97,1202,395398,5658.15,5000031499,2002,7,Pick-up,2799,TOYOTA,Own Goods,
08-07-2011,07-07-2012,97,1202,395398,3959.189,5000031499,2002,7,Pick-up,2799,TOYOTA,Own Goods,
10-06-2012,09-06-2013,12,1202,352000,6242.19,5000031911,2008,399,Trailers and semitrailers,0,TRAILER,General Cartage,
10-06-2012,09-06-2013,12,1202,686000,16069.98,5000031915,2008,160,Truck,9726,SINO,General Cartage,41514.86
13-12-2013,12-12-2014,96,1201,101361,1535.37,5000032064,1995,,Automobile,1295,TOYOTA,Private,
13-12-2012,12-12-2013,96,1201,101361,1469.47,5000032064,1995,,Automobile,1295,TOYOTA,Private,
13-12-2011,12-12-2012,96,1201,101361,1423.09,5000032064,1995,,Automobile,1295,TOYOTA,Private,
08-07-2011,07-07-2012,94,1202,91883.83,3572.531,5000032091,1982,7,Pick-up,3000,MITSUBISHI,Own Goods,
08-07-2011,07-07-2012,94,1202,20000,2789.881,5000032094,1982,7,Pick-up,3000,MITSUBISHI,Own Goods,
08-07-2011,07-07-2012,94,1202,80000,1386.57,5000032102,1982,153,Trailers and semitrailers,0,FARID,Own Goods,
08-07-2012,07-07-2013,94,1202,75000,4037.91,5000032110,2004,10,Pick-up,2779,TOYOTA,Own Goods,
08-07-2011,07-07-2012,94,1202,30000,3282.761,5000032110,2004,10,Pick-up,2779,TOYOTA,Own Goods,
08-07-2013,07-07-2014,94,1202,406086,8387.7,5000032112,2008,10,Pick-up,4164,TOYOTA,Own Goods,
08-07-2012,07-07-2013,94,1202,406086,8518.74,5000032112,2008,10,Pick-up,4164,TOYOTA,Own Goods,
08-07-2011,07-07-2012,94,1202,406086,8829.801,5000032112,2008,10,Pick-up,4164,TOYOTA,Own Goods,
08-07-2013,07-07-2014,94,1202,240000,6744.17,5000032114,2007,35,Truck,4334,ISUSU,Own Goods,
08-07-2012,07-07-2013,94,1202,240000,6858.42,5000032114,2007,35,Truck,4334,ISUSU,Own Goods,
08-07-2011,07-07-2012,94,1202,227578.36,6452.416,5000032114,2007,35,Truck,4334,ISUSU,Own Goods,
28-07-2013,27-07-2014,5,1201,140000,1849.35,5000032208,1986,,Automobile,1600,TOYOTA,Private,113727.5
28-07-2012,27-07-2013,5,1201,140000,1979.4,5000032208,1986,,Automobile,1600,TOYOTA,Private,
28-07-2011,27-07-2012,5,1201,140000,1650.52,5000032208,1986,,Automobile,1600,TOYOTA,Private,
23-07-2011,22-07-2012,10,1201,0,771.43,5000032246,1976,,Automobile,1570,MERCEEDICE,Private,
01-01-2012,31-12-2012,94,1202,0,1846.8,5000032133,2008,153,Truck,0,HOWO,Own Goods,
22-07-2011,21-07-2012,11,1202,850000,7388.4,5000032133,2008,153,Truck,0,HOWO,Own Goods,
01-01-2012,31-12-2012,94,1202,0,1846.8,5000032136,2008,153,Truck,0,HOWO,Own Goods,
22-07-2011,21-07-2012,11,1202,850000,6921.94,5000032136,2008,153,Truck,0,HOWO,Own Goods,
27-11-2013,26-11-2014,9,1201,250000,4912.2,5000032257,1991,,Automobile,1295,TOYOTA,Private,
21-07-2012,20-07-2013,9,1201,250000,4969.4,5000032257,1991,,Automobile,1295,TOYOTA,Private,
21-07-2011,20-07-2012,9,1201,250000,5253.8,5000032257,1991,,Automobile,1295,TOYOTA,Private,
26-07-2013,25-07-2014,9,1201,140000,4140.55,5000032263,1985,,Automobile,1295,TOYOTA,Private,
24-07-2012,23-07-2013,9,1201,140000,4634.93,5000032263,1985,,Automobile,1295,TOYOTA,Private,
24-07-2011,23-07-2012,9,1201,55000,1632.1,5000032263,1985,,Automobile,1295,TOYOTA,Private,1725
10-10-2012,09-10-2013,8,1202,514828.52,10558.47,5000032278,2007,27,Bus,3920,HIGHER,Taxi,
07-09-2011,06-09-2012,8,1202,332000,8868.62,5000032278,2007,27,Bus,3920,HIGHER,Taxi,6150.19
08-07-2013,07-07-2014,11,1201,675000,9310.85,5000032323,1990,,Station Wagones,4169,TOYOTA,Private,
10-10-2012,09-10-2013,8,1202,514828.52,14071.29,5000032283,2007,27,Bus,3920,HIGHER,Taxi,
17-01-2012,16-01-2013,12,1202,0,3544.7,5000032283,2007,27,Bus,3920,HIGHER,Taxi,
07-09-2011,06-09-2012,8,1202,332000,7806.3,5000032283,2007,27,Bus,3920,HIGHER,Taxi,13900
31-07-2013,30-07-2014,8,1202,700000,18724.68,5000032331,2009,40000,Trailers and semitrailers,0,ZZ,General Cartage,
31-07-2012,30-07-2013,8,1202,700000,17505.69,5000032331,2009,40000,Trailers and semitrailers,0,ZZ,General Cartage,
31-07-2011,30-07-2012,8,1202,700000,17898.24,5000032331,2009,40000,Trailers and semitrailers,0,ZZ,General Cartage,
04-08-2012,03-08-2013,9,1202,1000000,29110.04,5000032421,2008,0,Truck,8226,ISUZU,General Cartage,
04-08-2011,03-08-2012,9,1202,1000000,23578.21,5000032421,2008,0,Truck,8226,ISUZU,General Cartage,
11-10-2013,10-10-2014,11,1202,700000,14379.3,5000032542,1994,63,Truck,8226,ISUZU FVR,Own Goods,30207
07-06-2012,06-06-2013,11,1202,600000,21038.64,5000032542,1994,63,Truck,8226,ISUZU FVR,Own Goods,
23-07-2013,22-07-2014,6,1202,750000,11947.74,5000032552,2008,70,Truck,8226,ISUZU,Own Goods,
23-07-2012,22-07-2013,6,1202,750000,12392.12,5000032552,2008,70,Truck,8226,ISUZU,Own Goods,
23-07-2011,22-07-2012,6,1202,750000,12892.417,5000032552,2008,70,Truck,8226,ISUZU,Own Goods,
13-07-2013,12-07-2014,11,1201,0,645.05,5000032295,1987,,Automobile,1681,NISSAN,Private,
13-07-2012,12-07-2013,11,1201,0,644.8,5000032295,1987,,Automobile,1681,NISSAN,Private,
13-07-2011,12-07-2012,11,1201,0,698.02,5000032295,1987,,Automobile,1681,NISSAN,Private,
23-07-2013,22-07-2014,6,1202,360000,4549.89,5000032553,2006,35,Truck,4334,ISUZU,Own Goods,
23-07-2012,22-07-2013,6,1202,360000,4520.73,5000032553,2006,35,Truck,4334,ISUZU,Own Goods,
23-07-2011,22-07-2012,6,1202,360000,5893.637,5000032553,2006,35,Truck,4334,ISUZU,Own Goods,
24-07-2013,23-07-2014,95,1202,25600,1697.69,5000032558,1988,7,Pick-up,3000,TOYOTA,Own Goods,17250
24-07-2012,23-07-2013,95,1202,25600,1697.69,5000032558,1988,7,Pick-up,3000,TOYOTA,Own Goods,
24-07-2011,23-07-2012,95,1202,32000,1512.977,5000032558,1988,7,Pick-up,3000,TOYOTA,Own Goods,
24-07-2013,23-07-2014,95,1202,140400,2394.26,5000032559,2002,9,Pick-up,2892,FORD,Own Goods,4025
24-07-2012,23-07-2013,95,1202,140400,2394.26,5000032559,2002,9,Pick-up,2892,FORD,Own Goods,
24-07-2011,23-07-2012,95,1202,176000,2407.737,5000032559,2002,9,Pick-up,2892,FORD,Own Goods,
24-07-2013,23-07-2014,95,1202,25600,1086.91,5000032565,1986,10,Pick-up,3000,PEUGEOT,Own Goods,
24-07-2012,23-07-2013,95,1202,25600,1086.91,5000032565,1986,10,Pick-up,3000,PEUGEOT,Own Goods,
24-07-2011,23-07-2012,95,1202,32000,1088.758,5000032565,1986,10,Pick-up,3000,PEUGEOT,Own Goods,4945
08-07-2013,07-07-2014,94,1202,0,113.4,5000032584,1984,50,Tractor,0,TOMSON,Agricultural Own Farm,
08-07-2012,07-07-2013,94,1202,0,1001.78,5000032584,1984,50,Tractor,0,TOMSON,Agricultural Own Farm,
08-07-2011,07-07-2012,94,1202,0,527.245,5000032584,1984,50,Tractor,0,TOMSON,Agricultural Own Farm,
08-07-2013,07-07-2014,94,1202,0,113.4,5000032585,1984,7,Tractor,0,TOMSON,Agricultural Own Farm,
08-07-2012,07-07-2013,94,1202,0,690.28,5000032585,1984,7,Tractor,0,TOMSON,Agricultural Own Farm,
08-07-2011,07-07-2012,94,1202,0,527.245,5000032585,1984,7,Tractor,0,TOMSON,Agricultural Own Farm,
24-07-2013,23-07-2014,95,1202,233600,4396.99,5000032586,2008,14,Bus,2986,TOYOTA,Own service,
24-07-2012,23-07-2013,95,1202,233600,5189.62,5000032586,2008,14,Bus,2986,TOYOTA,Own service,
24-07-2011,23-07-2012,95,1202,292000,4519.339,5000032586,2008,14,Bus,2986,TOYOTA,Own service,10177.83
03-08-2013,02-08-2014,5/,1201,610103.85,6625.19,5000032312,1993,,Station Wagones,4164,TOYOTA,Private,
03-08-2012,02-08-2013,5,1201,762559.2,8769.08,5000032312,1993,,Station Wagones,4164,TOYOTA,Private,
03-08-2011,02-08-2012,5,1201,610103.85,7380.053,5000032312,1993,,Station Wagones,4164,TOYOTA,Private,
02-08-2013,01-08-2014,92,1201,0,541.95,5000032314,1969,,Automobile,1290,PEUGEOT,Private,
02-08-2012,01-08-2013,92,1201,0,577.7,5000032314,1969,,Automobile,1290,PEUGEOT,Private,
01-08-2011,31-07-2012,92,1201,0,691.154,5000032314,1969,,Automobile,1290,PEUGEOT,Private,
24-07-2013,23-07-2014,95,1202,58240,2197.49,5000032592,1998,11,Bus,1996,TOYOTA,Own service,
24-07-2012,23-07-2013,95,1202,58240,2276.75,5000032592,1998,11,Bus,1996,TOYOTA,Own service,
24-07-2011,23-07-2012,95,1202,72800,1993.979,5000032592,1998,11,Bus,1996,TOYOTA,Own service,
24-07-2013,23-07-2014,95,1202,192000,8128.23,5000032596,1986,44,Bus,3000,FIAT,Own service,
24-07-2012,23-07-2013,95,1202,192000,9333.13,5000032596,1986,44,Bus,3000,FIAT,Own service,
24-07-2011,23-07-2012,95,1202,240000,7780.608,5000032596,1986,44,Bus,3000,FIAT,Own service,
24-07-2011,23-07-2012,11,1202,0,1658.47,5000032597,1982,,Truck,11548,FIAT,General Cartage,
10-08-2012,09-08-2013,12,1202,198000,3903.17,5000032599,1983,140,Truck,11581,MERCEEDES,Own Goods,
24-07-2011,23-07-2012,99,1202,198000,4006.364,5000032599,1983,140,Truck,11581,MERCEEDES,Own Goods,
24-07-2013,23-07-2014,95,1202,490576.6,8711.46,5000032600,2007,61,Bus,3000,MERCEDES,Own service,8300
24-07-2012,23-07-2013,95,1202,490576.6,9101.53,5000032600,2007,61,Bus,3000,MERCEDES,Own service,
24-07-2011,23-07-2012,95,1202,613220,8820.836,5000032600,2007,61,Bus,3000,MERCEDES,Own service,
11-08-2013,10-08-2014,12,1202,0,4468.02,5000032602,1979,87,Truck,11548,FIAT,General Cartage,
10-08-2012,09-08-2013,12,1202,0,1985.65,5000032602,1979,87,Truck,11548,FIAT,General Cartage,
24-07-2011,23-07-2012,11,1202,0,3042.633,5000032602,1979,87,Truck,11548,FIAT,General Cartage,
10-08-2012,09-08-2013,12,1202,198000,3656.62,5000032604,1983,100,Truck,11580,MERCEEDES,Own Goods,
24-07-2011,23-07-2012,99,1202,198000,3419.494,5000032604,1983,100,Truck,11580,MERCEEDES,Own Goods,
10-08-2012,09-08-2013,12,1202,80000,1887.85,5000032607,1989,7,Pick-up,2389,NISSAN,Own Goods,
24-07-2011,23-07-2012,99,1202,80000,2678.015,5000032607,1989,7,Pick-up,2389,NISSAN,Own Goods,
11-08-2013,10-08-2014,12,1202,0,3593.52,5000032608,1982,134,Truck,11580,MERCEEDES,General Cartage,
10-08-2012,09-08-2013,12,1202,565000,9998.15,5000032608,1982,134,Truck,11580,MERCEEDES,General Cartage,18260
24-07-2011,23-07-2012,99,1202,565000,11521.864,5000032608,1982,134,Truck,11580,MERCEEDES,General Cartage,
18-03-2014,17-03-2015,14,1202,0,733,5000032609,2013,6,Pick-up,2494,TOYOTA,Own Goods,
08-07-2013,07-07-2014,84,1201,22174.29,587.14,5000032642,2005,,Motor-cycle,1300,SUZUKI,Private,
08-07-2012,07-07-2013,84,1201,22174.29,570.9,5000032642,2005,,Motor-cycle,1300,SUZUKI,Private,
08-07-2011,07-07-2012,84,1201,22174.29,338.4,5000032642,2005,,Motor-cycle,1300,SUZUKI,Private,
08-07-2013,07-07-2014,84,1201,215201.18,3326.51,5000032643,2003,,Automobile,1586,SUZUKI,Private,
08-07-2012,07-07-2013,84,1201,215201.18,3380.66,5000032643,2003,,Automobile,1586,SUZUKI,Private,
08-07-2011,07-07-2012,84,1201,215201.18,3315.722,5000032643,2003,,Automobile,1586,SUZUKI,Private,
08-07-2013,07-07-2014,94,1202,160397,4957.19,5000032647,2001,7,Pick-up,2499,FORD,Own Goods,
08-07-2012,07-07-2013,94,1202,160397.83,5029.61,5000032647,2001,7,Pick-up,2499,FORD,Own Goods,
08-07-2011,07-07-2012,94,1202,160397.83,5091.441,5000032647,2001,7,Pick-up,2499,FORD,Own Goods,
08-07-2011,07-07-2012,94,1202,151743.26,4361.901,5000032650,1984,7,Pick-up,3000,MITSUBISHI,Own Goods,
08-07-2013,07-07-2014,9,1202,1200000,33814.93,5000032691,2003,44,Bus,8071,MERCEEDES,Fare Paying Passengers,
08-07-2012,07-07-2013,9,1202,1200000,35710.59,5000032691,2003,44,Bus,8071,MERCEEDES,Fare Paying Passengers,
08-07-2011,07-07-2012,9,1202,1200000,43313,5000032691,2003,44,Bus,8071,MERCEEDES,Fare Paying Passengers,
15-06-2014,14-06-2015,7,1202,270000,4004.7,5000029757,2006,10,Pick-up,6164,TOYOTA,Own Goods,
15-06-2013,14-06-2014,7,1202,270000,3846.75,5000029757,2006,10,Pick-up,6164,TOYOTA,Own Goods,
15-06-2012,14-06-2013,7,1202,270000,3807.224,5000029757,2006,10,Pick-up,6164,TOYOTA,Own Goods,
08-07-2011,07-08-2011,75,1202,360000,197.07,5000029757,2006,10,Pick-up,6164,TOYOTA,Own Goods,
08-08-2013,07-08-2014,1,1202,533990.78,8825.98,5000029785,2009,0,Bus,4214,MITSUBISHI,Own service,
08-08-2012,07-08-2013,1,1202,533990.78,8825.98,5000029785,2009,0,Bus,4214,MITSUBISHI,Own service,
08-08-2011,07-08-2012,1,1202,533990.78,8399.348,5000029785,2009,0,Bus,4214,MITSUBISHI,Own service,
08-07-2011,07-08-2011,1,1202,533990.78,556.13,5000029785,2009,0,Bus,4214,MITSUBISHI,Own service,
02-07-2013,01-07-2014,0,1201,68000,1419.99,5000030524,1988,,Automobile,1295,TOYOTA,Private,
02-07-2012,01-07-2013,0,1201,68000,1241.34,5000030524,1988,,Automobile,1295,TOYOTA,Private,
02-07-2011,01-07-2012,0,1201,68000,1021.91,5000030524,1988,,Automobile,1295,TOYOTA,Private,
22-07-2011,21-07-2012,11,1201,0,395,5000030678,1973,,Automobile,1200,VOLKSWAGON,Own service,
08-08-2011,07-08-2012,10,1202,330000,12142.28,5000031264,2001,0,Bus,2986,ZZ,Fare Paying Passengers,
16-11-2012,15-11-2013,10,1202,2700000,70156.91,5000031348,2010,18000,Tanker,12880,IVECO,General Cartage,
16-11-2011,15-11-2012,10,1202,2363510,33345.17,5000031348,2010,18000,Tanker,12880,IVECO,General Cartage,
12-11-2013,11-11-2014,10,1202,2800000,35908.36,5000031364,2010,155.9,Truck,12880,IVECO,General Cartage,
12-11-2012,11-11-2013,10,1202,2100000,29511.57,5000031364,2010,155.9,Truck,12880,IVECO,General Cartage,
12-11-2011,11-11-2012,10,1202,2100000,30113.97,5000031364,2010,155.9,Truck,12880,IVECO,General Cartage,
08-07-2013,07-07-2014,12,1201,120000,3889.37,5000031381,1986,,Automobile,1300,TOYOTA,Private,
08-07-2012,07-07-2013,12,1201,120000,4073.5,5000031381,1986,,Automobile,1300,TOYOTA,Private,
08-07-2011,07-07-2012,18,1201,120000,4292.62,5000031381,1986,,Automobile,1300,TOYOTA,Private,
08-07-2013,07-07-2014,12,1201,268000,3775.27,5000031382,2005,,Automobile,1295,TOYOTA,Private,
08-07-2012,07-07-2013,12,1201,268000,3862.71,5000031382,2005,,Automobile,1295,TOYOTA,Private,
08-07-2011,07-07-2012,18,1201,268000,4192.054,5000031382,2005,,Automobile,1295,TOYOTA,Private,
08-07-2013,07-07-2014,3,1201,280000,4201.28,5000031397,1982,,Station Wagones,4164,TOYOTA,Private,
08-07-2012,07-07-2013,3,1201,280000,4614.41,5000031397,1982,,Station Wagones,4164,TOYOTA,Private,
08-07-2011,07-07-2012,3,1201,280000,4392.239,5000031397,1982,,Station Wagones,4164,TOYOTA,Private,
08-07-2013,07-07-2014,3,1201,279768.19,7344.68,5000031399,2006,34,Truck,4164,TOYOTA,Own Goods,
08-07-2012,07-07-2013,3,1201,279768.19,7927.27,5000031399,2006,34,Truck,4164,TOYOTA,Own Goods,
08-07-2011,07-07-2012,3,1201,279768.19,8176.069,5000031399,2006,34,Truck,4164,TOYOTA,Own Goods,
08-07-2013,07-07-2014,3,1201,510000,7784.66,5000031401,2003,,Station Wagones,4169,NISSAN,Private,
08-07-2012,07-07-2013,3,1201,510000,8090.5,5000031401,2003,,Station Wagones,4169,NISSAN,Private,
08-07-2011,07-07-2012,3,1201,510000,8230.306,5000031401,2003,,Station Wagones,4169,NISSAN,Private,
08-07-2013,07-07-2014,3,1201,249900,7744.96,5000031402,1999,10,Pick-up,4164,TOYOTA,Own Goods,
08-07-2012,07-07-2013,3,1201,249900,8268.71,5000031402,1999,10,Pick-up,4164,TOYOTA,Own Goods,
08-07-2011,07-07-2012,3,1201,249900,8463.679,5000031402,1999,10,Pick-up,4164,TOYOTA,Own Goods,
08-07-2013,07-07-2014,3,1201,279768.19,8509.85,5000031406,2006,34,Truck,4164,TOYOTA,Own Goods,
08-07-2012,07-07-2013,3,1201,279768.19,9092.44,5000031406,2006,34,Truck,4164,TOYOTA,Own Goods,
08-07-2011,07-07-2012,3,1201,279768.19,9346.239,5000031406,2006,34,Truck,4164,TOYOTA,Own Goods,
01-07-2013,30-06-2014,8,1202,450000,6327.89,5000031415,1998,44,Bus,5861,FIAT,Own service,
01-07-2012,30-06-2013,8,1202,450000,11580.39,5000031415,1998,44,Bus,5861,FIAT,Own service,
01-07-2011,30-06-2012,8,1202,450000,6306.402,5000031415,1998,44,Bus,5861,FIAT,Own service,
01-07-2013,30-06-2014,8,1202,270000,4357.08,5000031417,2003,11,Bus,2779,TOYOTA,Own service,
01-07-2012,30-06-2013,8,1202,270000,5687.81,5000031417,2003,11,Bus,2779,TOYOTA,Own service,
01-07-2011,30-06-2012,8,1202,270000,4400.799,5000031417,2003,11,Bus,2779,TOYOTA,Own service,
01-07-2013,30-06-2014,8,1202,511779.63,8351.44,5000031418,2009,11,Bus,2494,TOYOTA,Own service,11035.15
01-07-2012,30-06-2013,8,1202,511779.63,7424.46,5000031418,2009,11,Bus,2494,TOYOTA,Own service,2696.75
01-07-2011,30-06-2012,8,1202,511779.63,7039.769,5000031418,2009,11,Bus,2494,TOYOTA,Own service,
22-07-2013,21-07-2014,80,1202,270000,3279.72,5000031514,1993,7,Pick-up,2950,TOYOTA,Own Goods,
22-07-2012,21-07-2013,80,1202,140000,2081.98,5000031514,1993,7,Pick-up,2950,TOYOTA,Own Goods,4650
22-07-2011,21-07-2012,80,1202,140000,1910.873,5000031514,1993,7,Pick-up,2950,TOYOTA,Own Goods,
22-07-2012,21-07-2013,80,1202,520127,17299.07,5000031516,1989,86,Truck,0,DAEWOO,Own Goods,
22-07-2011,21-07-2012,80,1202,520127,16697.67,5000031516,1989,86,Truck,0,DAEWOO,Own Goods,
22-07-2013,21-07-2014,80,1202,1089258,34389.53,5000031519,2009,171,Truck,0,MERCEEDES,Own Goods,
22-07-2012,21-07-2013,80,1202,1089258,34389.53,5000031519,2009,171,Truck,0,MERCEEDES,Own Goods,719
22-07-2011,21-07-2012,80,1202,1089258,33692.947,5000031519,2009,171,Truck,0,MERCEEDES,Own Goods,
22-07-2013,21-07-2014,80,1202,1089258,34511.63,5000031521,2009,171,Truck,0,MERCEDES,Own Goods,
22-07-2012,21-07-2013,80,1202,1089258,34079.33,5000031521,2009,171,Truck,0,MERCEDES,Own Goods,268891.71
29-03-2012,28-03-2013,12,1202,514828.52,12771.27,5000031521,2009,171,Truck,0,MERCEDES,Own Goods,
22-07-2011,21-07-2012,80,1202,1089258,33697.947,5000031521,2009,171,Truck,0,MERCEDES,Own Goods,
22-07-2013,21-07-2014,80,1202,626900,10609.14,5000031523,2009,96,Truck,0,IVECO,Own Goods,
22-07-2012,21-07-2013,80,1202,626201.05,20426.56,5000031523,2009,96,Truck,0,IVECO,Own Goods,29584.74
22-07-2011,21-07-2012,80,1202,626201,19825.16,5000031523,2009,96,Truck,0,IVECO,Own Goods,
17-07-2013,16-07-2014,11,1202,276376.5,7328.78,5000031905,1992,147,Truck,11630,FIAT,General Cartage,80646.5
08-07-2012,07-07-2013,11,1202,272316.56,4936.01,5000031905,1992,147,Truck,11630,FIAT,General Cartage,
08-07-2011,07-07-2012,11,1202,272316.56,6115.945,5000031905,1992,147,Truck,11630,FIAT,General Cartage,
17-07-2013,16-07-2014,11,1202,272376.5,8404.77,5000031907,1982,147,Truck,11630,DAF,General Cartage,
08-07-2012,07-07-2013,11,1202,272316.56,4936.01,5000031907,1982,147,Truck,11630,DAF,General Cartage,
08-07-2011,07-07-2012,11,1202,272316.56,6843.408,5000031907,1982,147,Truck,11630,DAF,General Cartage,
17-07-2013,16-07-2014,11,1202,50000,1629.02,5000031908,1992,141,Trailers and semitrailers,5600,FARID,General Cartage,
08-07-2012,07-07-2013,11,1202,50000,1222.69,5000031908,1992,141,Trailers and semitrailers,5600,FARID,General Cartage,
08-07-2011,07-07-2012,11,1202,50000,1447.551,5000031908,1992,141,Trailers and semitrailers,5600,FARID,General Cartage,
08-07-2012,07-07-2013,11,1202,50000,1227.69,5000031917,1992,248,Trailers and semitrailers,5600,FARID,General Cartage,
08-07-2011,07-07-2012,11,1202,50000,1437.551,5000031917,1992,248,Trailers and semitrailers,5600,FARID,General Cartage,
17-07-2013,16-07-2014,11,1202,50000,1517.52,5000031918,1981,170,Trailers and semitrailers,0,VIBERTI,General Cartage,
08-07-2012,07-07-2013,11,1202,50000,1222.69,5000031919,1992,141,Trailers and semitrailers,5600,FARID,General Cartage,
08-07-2011,07-07-2012,11,1202,50000,1437.551,5000031919,1992,141,Trailers and semitrailers,5600,FARID,General Cartage,
17-07-2013,16-07-2014,11,1202,50000,1629.02,5000031925,1992,141,Trailers and semitrailers,5600,FARID,General Cartage,
08-07-2012,07-07-2013,11,1202,50000,1222.69,5000031925,1992,141,Trailers and semitrailers,5600,FARID,General Cartage,
08-07-2011,07-07-2012,11,1202,50000,1437.551,5000031925,1992,141,Trailers and semitrailers,5600,FARID,General Cartage,
17-07-2013,16-07-2014,11,1202,50000,1634.02,5000031926,1992,141,Trailers and semitrailers,5600,FARID,General Cartage,
08-07-2012,07-07-2013,11,1202,50000,1222.69,5000031926,1992,141,Trailers and semitrailers,5600,FARID,General Cartage,
08-07-2011,07-07-2012,11,1202,50000,1437.551,5000031926,1992,141,Trailers and semitrailers,5600,FARID,General Cartage,
17-07-2013,16-07-2014,11,1202,50000,1629.02,5000031927,1992,141,Trailers and semitrailers,5600,FARID,General Cartage,
08-07-2012,07-07-2013,11,1202,50000,1222.69,5000031927,1992,141,Trailers and semitrailers,5600,FARID,General Cartage,
08-07-2011,07-07-2012,11,1202,50000,1437.551,5000031927,1992,141,Trailers and semitrailers,5600,FARID,General Cartage,
08-07-2012,07-07-2013,11,1202,50000,1222.69,5000031929,1992,141,Trailers and semitrailers,5600,FARID,General Cartage,
08-07-2011,07-07-2012,11,1202,50000,1437.551,5000031929,1992,141,Trailers and semitrailers,5600,FARID,General Cartage,
17-07-2013,16-07-2014,11,1202,324000,5985.46,5000031930,1992,141,Trailers and semitrailers,0,FARID,General Cartage,
08-07-2012,07-07-2013,11,1202,324000,5183.03,5000031930,1992,141,Trailers and semitrailers,0,FARID,General Cartage,
08-07-2011,07-07-2012,11,1202,324000,5397.351,5000031930,1992,141,Trailers and semitrailers,0,FARID,General Cartage,
17-07-2013,16-07-2014,11,1202,50000,1519.02,5000031931,1988,133,Trailers and semitrailers,5600,FARID,Own Goods,
08-07-2012,07-07-2013,11,1202,50000,1222.69,5000031931,1988,133,Trailers and semitrailers,5600,FARID,Own Goods,
08-07-2011,07-07-2012,11,1202,50000,1392.11,5000031931,1988,133,Trailers and semitrailers,5600,FARID,Own Goods,
17-07-2013,16-07-2014,11,1202,50000,1629.02,5000031932,1986,248,Trailers and semitrailers,5600,FARID,General Cartage,
08-07-2012,07-07-2013,11,1202,50000,1222.69,5000031932,1986,248,Trailers and semitrailers,5600,FARID,General Cartage,
08-07-2011,07-07-2012,11,1202,50000,1437.551,5000031932,1986,248,Trailers and semitrailers,5600,FARID,General Cartage,
17-07-2013,16-07-2014,11,1202,50000,1520.62,5000031933,1988,174,Trailers and semitrailers,0,VIBERTI,General Cartage,
08-07-2012,07-07-2013,11,1202,0,565.69,5000031933,1988,174,Trailers and semitrailers,0,VIBERTI,General Cartage,
01-07-2011,30-06-2012,11,1201,0,880.116,5000031933,1988,174,Trailers and semitrailers,0,VIBERTI,General Cartage,
08-07-2011,07-07-2012,11,1202,0,1437.551,5000031933,1988,174,Trailers and semitrailers,0,VIBERTI,General Cartage,
08-07-2012,07-07-2013,11,1202,50000,1222.69,5000031935,1992,369,Trailers and semitrailers,5600,FARID,General Cartage,
08-07-2011,07-07-2012,11,1202,50000,1437.551,5000031935,1992,369,Trailers and semitrailers,5600,FARID,General Cartage,
17-07-2013,16-07-2014,11,1202,50000,1629.02,5000031936,1992,141,Trailers and semitrailers,0,FARID,General Cartage,
08-07-2012,07-07-2013,11,1202,50000,1222.69,5000031936,1992,141,Trailers and semitrailers,0,FARID,General Cartage,
08-07-2011,07-07-2012,11,1202,50000,1437.551,5000031936,1992,141,Trailers and semitrailers,0,FARID,General Cartage,
17-07-2013,16-07-2014,11,1202,276376.5,7328.78,5000031939,1992,147,Truck,11630,FIAT,General Cartage,
08-07-2012,07-07-2013,11,1202,272316.56,4936.01,5000031939,1992,147,Truck,11630,FIAT,General Cartage,
08-07-2011,07-07-2012,11,1202,272316.56,6115.945,5000031939,1992,147,Truck,11630,FIAT,General Cartage,
08-07-2012,07-07-2013,11,1202,50000,1222.69,5000031941,1992,300,Trailers and semitrailers,5600,FARID,General Cartage,
08-07-2011,07-07-2012,11,1202,50000,1437.551,5000031941,1992,300,Trailers and semitrailers,5600,FARID,General Cartage,
17-07-2013,16-07-2014,11,1202,50000,1517.52,5000031947,1992,141,Trailers and semitrailers,0,FARID,General Cartage,
08-07-2012,07-07-2013,11,1202,50000,1222.69,5000031947,1992,141,Trailers and semitrailers,0,FARID,General Cartage,
08-07-2011,07-07-2012,11,1202,50000,1437.551,5000031947,1992,141,Trailers and semitrailers,0,FARID,General Cartage,
17-07-2013,16-07-2014,11,1202,276376.5,7328.78,5000031955,1992,147,Truck,11630,FIAT,General Cartage,
08-07-2012,07-07-2013,11,1202,272316.56,4936.01,5000031955,1992,147,Truck,11630,FIAT,General Cartage,
08-07-2011,07-07-2012,11,1202,272316.56,6115.945,5000031955,1992,147,Truck,11630,FIAT,General Cartage,
08-07-2012,07-07-2013,11,1202,50000,1222.69,5000031958,1992,141,Trailers and semitrailers,5600,FARID,General Cartage,
08-07-2011,07-07-2012,11,1202,50000,1437.551,5000031958,1992,141,Trailers and semitrailers,5600,FARID,General Cartage,
08-07-2013,07-07-2014,9,1202,354598.13,11098.99,5000032694,2007,0,Bus,4214,MITSUBISHI,Fare Paying Passengers,
08-07-2012,07-07-2013,9,1202,650000,18706.11,5000032694,2007,0,Bus,4214,MITSUBISHI,Fare Paying Passengers,
08-07-2011,07-07-2012,9,1202,650000,22425.65,5000032694,2007,0,Bus,4214,MITSUBISHI,Fare Paying Passengers,
01-07-2013,30-06-2014,6,1202,1661328.77,10393.2,5000032705,2010,133,Truck,11596,HOWO,Own Goods,
01-07-2012,30-06-2013,6,1202,1661328.77,10961.48,5000032705,2010,133,Truck,11596,HOWO,Own Goods,
01-07-2011,30-06-2012,6,1202,1661328.77,12600.917,5000032705,2010,133,Truck,11596,HOWO,Own Goods,
01-07-2012,30-06-2013,6,1202,1661328.77,13234.58,5000032709,2010,133,Truck,11596,HOWO,Own Goods,
01-07-2011,30-06-2012,6,1202,1661328.77,12600.917,5000032709,2010,133,Truck,11596,HOWO,Own Goods,966631.54
05-10-2012,04-10-2013,12,1201,0,609.05,5000029696,1973,,Automobile,1971,PEUGEOT,Private,
15-07-2013,14-07-2014,96,1201,120000,1721.75,5000029738,1984,,Automobile,1295,TOYOTA,Private,
15-07-2012,14-07-2013,96,1201,120000,2027.27,5000029738,1984,,Automobile,1295,TOYOTA,Private,
15-07-2011,14-07-2012,96,1201,50000,937.962,5000029738,1984,,Automobile,1295,TOYOTA,Private,
11-02-2014,10-02-2015,7,1201,0,548.05,5000030633,1975,,Automobile,1300,TOYOTA,Private,
23-12-2012,22-12-2013,7,1201,0,541.95,5000030633,1975,,Automobile,1300,TOYOTA,Private,
25-11-2011,24-11-2012,7,1201,0,541.7,5000030633,1975,,Automobile,1300,TOYOTA,Private,
12-03-2013,11-03-2014,6,1201,200000,3183.93,5000030637,1989,,Automobile,1295,TOYOTA,Private,
31-10-2011,30-10-2012,6,1201,100000,1909.42,5000030637,1989,,Automobile,1295,TOYOTA,Private,
28-08-2013,27-08-2014,13,1202,121000,1645.46,5000032221,1996,7,Pick-up,1996,MITSUBISHI,Own Goods,
28-08-2012,27-08-2013,12,1202,121000,1640.46,5000032221,1996,7,Pick-up,1996,MITSUBISHI,Own Goods,
23-07-2011,22-07-2012,97,1202,121000,1392.479,5000032221,1996,7,Pick-up,1996,MITSUBISHI,Own Goods,
28-08-2013,27-08-2014,13,1202,121000,1635.46,5000032224,1996,7,Pick-up,1996,MITSUBISHI,Own Goods,
28-08-2012,27-08-2013,12,1202,121000,1770.99,5000032224,1996,7,Pick-up,1996,MITSUBISHI,Own Goods,
23-07-2011,22-07-2012,97,1202,121000,1655.379,5000032224,1996,7,Pick-up,1996,MITSUBISHI,Own Goods,
22-08-2013,21-08-2014,13,1202,235000,4509.76,5000032441,1998,7,Pick-up,2000,MITSUBISHI,Own Goods,
07-08-2013,06-08-2014,11,1202,0,6957.75,5000032441,1998,7,Pick-up,2000,MITSUBISHI,Own Goods,
07-08-2012,06-08-2013,11,1202,500000,6957.75,5000032441,1998,7,Pick-up,2000,MITSUBISHI,Own Goods,
08-07-2012,07-07-2013,11,1202,235000,721.75,5000032441,1998,7,Pick-up,2000,MITSUBISHI,Own Goods,
07-08-2011,06-08-2012,11,1202,500000,6823.57,5000032441,1998,7,Pick-up,2000,MITSUBISHI,Own Goods,
08-07-2011,06-08-2011,11,1202,500000,373.1,5000032441,1998,7,Pick-up,2000,MITSUBISHI,Own Goods,
08-07-2011,07-07-2012,11,1202,235000,2910.57,5000032441,1998,7,Pick-up,2000,MITSUBISHI,Own Goods,
23-07-2013,22-07-2014,11,1202,235000,3379.46,5000032446,2002,6,Pick-up,1997,MITSUBISHI,Own Goods,
08-07-2012,07-07-2013,11,1202,235000,721.75,5000032446,2002,6,Pick-up,1997,MITSUBISHI,Own Goods,
08-07-2011,07-07-2012,11,1202,235000,2262.95,5000032446,2002,6,Pick-up,1997,MITSUBISHI,Own Goods,
01-01-2014,31-12-2014,28,1202,460000,5178.78,5000032462,2001,7,Pick-up,2779,TOYOTA,Own Goods,100320
01-01-2013,31-12-2013,28,1202,460000,5836.31,5000032462,2001,7,Pick-up,2779,TOYOTA,Own Goods,
01-01-2012,31-12-2012,28,1202,460000,7114.7,5000032462,2001,7,Pick-up,2779,TOYOTA,Own Goods,
01-01-2014,31-12-2014,28,1202,160000,2892.55,5000032466,1996,7,Pick-up,1300,TOYOTA,Own Goods,
01-01-2013,31-12-2013,28,1202,160000,3306.38,5000032466,1996,7,Pick-up,1300,TOYOTA,Own Goods,
01-01-2012,31-12-2012,28,1202,160000,3946.04,5000032466,1996,7,Pick-up,1300,TOYOTA,Own Goods,
01-01-2014,31-12-2014,28,1202,160000,2892.55,5000032471,1997,7,Pick-up,1812,TOYOTA,Own Goods,
01-01-2013,31-12-2013,28,1202,160000,3301.38,5000032471,1997,7,Pick-up,1812,TOYOTA,Own Goods,
01-01-2012,31-12-2012,28,1202,160000,3946.04,5000032471,1997,7,Pick-up,1812,TOYOTA,Own Goods,
01-01-2014,31-12-2014,28,1202,160000,3163.9,5000032473,1983,7,Pick-up,1812,TOYOTA,Own Goods,
01-01-2013,31-12-2013,28,1202,160000,3717.45,5000032473,1983,7,Pick-up,1812,TOYOTA,Own Goods,
01-01-2012,31-12-2012,28,1202,160000,4466.13,5000032473,1983,7,Pick-up,1812,TOYOTA,Own Goods,
01-01-2014,31-12-2014,28,1202,160000,3163.9,5000032477,1995,7,Pick-up,1812,TOYOTA,Own Goods,
01-01-2013,31-12-2013,28,1202,160000,3717.45,5000032477,1995,7,Pick-up,1812,TOYOTA,Own Goods,
01-01-2012,31-12-2012,28,1202,160000,4466.13,5000032477,1995,7,Pick-up,1812,TOYOTA,Own Goods,
01-01-2014,31-12-2014,28,1202,185000,3095.05,5000032480,1997,7,Pick-up,2477,MITSUBISHI,Own Goods,
01-01-2013,31-12-2013,28,1202,185000,3542.02,5000032480,1997,7,Pick-up,2477,MITSUBISHI,Own Goods,
01-01-2012,31-12-2012,28,1202,185000,4251.84,5000032480,1997,7,Pick-up,2477,MITSUBISHI,Own Goods,
01-01-2014,31-12-2014,28,1202,160000,2892.55,5000032482,1998,7,Pick-up,2694,TOYOTA,Own Goods,
01-01-2013,31-12-2013,28,1202,160000,3301.38,5000032482,1998,7,Pick-up,2694,TOYOTA,Own Goods,74305
01-01-2012,31-12-2012,28,1202,160000,3946.04,5000032482,1998,7,Pick-up,2694,TOYOTA,Own Goods,
01-01-2014,31-12-2014,28,1202,185000,3095.05,5000032484,1998,7,Pick-up,2477,MITSUBISHI,Own Goods,
01-01-2013,31-12-2013,28,1202,185000,3542.02,5000032484,1998,7,Pick-up,2477,MITSUBISHI,Own Goods,
01-01-2012,31-12-2012,28,1202,185000,4246.84,5000032484,1998,7,Pick-up,2477,MITSUBISHI,Own Goods,
29-11-2012,28-11-2013,11,1202,750000,6724.81,5000032560,2007,6,Pick-up,2986,TOYOTA,Own Goods,
23-11-2011,22-11-2012,11,1202,750000,7152.64,5000032560,2007,6,Pick-up,2986,TOYOTA,Own Goods,
08-07-2011,07-07-2012,94,1202,24000,1661.281,5000032645,1982,45000,Trailers and semitrailers,0,CALABRESE,General Cartage,
08-07-2013,07-07-2014,94,1202,484547.54,11709.3,5000032646,2005,153,Truck,0,DAEWOO,Own Goods,
08-07-2012,07-07-2013,94,1202,484547.54,11821.62,5000032646,2005,153,Truck,0,DAEWOO,Own Goods,
08-07-2011,07-07-2012,94,1202,484547.54,11044.209,5000032646,2005,153,Truck,0,DAEWOO,Own Goods,
01-07-2013,30-06-2014,6,1202,1661328.77,10393.2,5000032711,2010,133,Truck,11596,HOWO,Own Goods,
01-07-2012,30-06-2013,6,1202,1661328.77,10971.48,5000032711,2010,133,Truck,11596,HOWO,Own Goods,
01-07-2011,30-06-2012,6,1202,1661328.77,12600.917,5000032711,2010,133,Truck,11596,HOWO,Own Goods,
01-07-2013,30-06-2014,6,1202,1661328.77,10393.2,5000032713,2010,133,Truck,11596,HOWO,Own Goods,12063.6
01-07-2012,30-06-2013,6,1202,1661328.77,10961.48,5000032713,2010,133,Truck,11596,HOWO,Own Goods,
01-07-2011,30-06-2012,6,1202,1661328.77,12600.917,5000032713,2010,133,Truck,11596,HOWO,Own Goods,
01-07-2013,30-06-2014,6,1202,1661328.77,10393.2,5000032715,2010,133,Truck,11596,HOWO,Own Goods,
01-07-2012,30-06-2013,6,1202,1661328.77,10961.48,5000032715,2010,133,Truck,11596,HOWO,Own Goods,63690
01-07-2011,30-06-2012,6,1202,1661328.77,12600.917,5000032715,2010,133,Truck,11596,HOWO,Own Goods,
01-07-2013,30-06-2014,6,1202,1661328.77,10393.2,5000032717,2010,133,Truck,11596,HOWO,Own Goods,2500
01-07-2012,30-06-2013,6,1202,1661328.77,10961.48,5000032717,2010,133,Truck,11596,HOWO,Own Goods,
01-07-2011,30-06-2012,6,1202,1661328.77,12600.917,5000032717,2010,133,Truck,11596,HOWO,Own Goods,
01-07-2013,30-06-2014,6,1202,1661328.77,10393.2,5000032721,2010,133,Truck,11596,HOWO,Own Goods,
01-07-2012,30-06-2013,6,1202,1661328.77,10961.48,5000032721,2010,133,Truck,11596,HOWO,Own Goods,
01-07-2011,30-06-2012,6,1202,1661328.77,12600.917,5000032721,2010,133,Truck,11596,HOWO,Own Goods,
01-07-2013,30-06-2014,6,1202,1661328.77,10393.2,5000032723,2010,133,Truck,11596,HOWO,Own Goods,
01-07-2012,30-06-2013,6,1202,1661328.77,10961.48,5000032723,2010,133,Truck,11596,HOWO,Own Goods,
01-07-2011,30-06-2012,6,1202,1661328.77,12600.917,5000032723,2010,133,Truck,11596,HOWO,Own Goods,
01-07-2013,30-06-2014,6,1202,808502.68,4402.65,5000032813,2009,7,Pick-up,2494,TOYOTA,Own Goods,
01-07-2012,30-06-2013,6,1202,808502.68,4008.27,5000032813,2009,7,Pick-up,2494,TOYOTA,Own Goods,
01-07-2011,30-06-2012,6,1202,808502.68,4602.36,5000032813,2009,7,Pick-up,2494,TOYOTA,Own Goods,
01-07-2013,30-06-2014,6,1202,808502.68,5671.16,5000032814,2009,7,Pick-up,2986,TOYOTA,Own Goods,
01-07-2012,30-06-2013,6,1202,808502.68,5877.39,5000032814,2009,7,Pick-up,2986,TOYOTA,Own Goods,
01-07-2011,30-06-2012,6,1202,808502.68,5633.49,5000032814,2009,7,Pick-up,2986,TOYOTA,Own Goods,238091
01-07-2013,30-06-2014,6,1202,808502.68,5052.48,5000032825,2009,7,Pick-up,2986,TOYOTA,Own Goods,
01-07-2012,30-06-2013,6,1202,808502.68,4588.48,5000032825,2009,7,Pick-up,2986,TOYOTA,Own Goods,
01-07-2011,30-06-2012,6,1202,808502.68,4602.36,5000032825,2009,7,Pick-up,2986,TOYOTA,Own Goods,
01-07-2013,30-06-2014,6,1202,808502.68,4665.58,5000032828,2009,7,Pick-up,2494,TOYOTA,Own Goods,
01-07-2012,30-06-2013,6,1202,808502.68,4227.37,5000032828,2009,7,Pick-up,2494,TOYOTA,Own Goods,
01-07-2011,30-06-2012,6,1202,808502.68,5633.49,5000032828,2009,7,Pick-up,2494,TOYOTA,Own Goods,
01-07-2013,30-06-2014,6,1202,808502.68,5052.48,5000032831,2009,7,Pick-up,2986,TOYOTA,Own Goods,
01-07-2012,30-06-2013,6,1202,808502.68,4588.48,5000032831,2009,7,Pick-up,2986,TOYOTA,Own Goods,
01-07-2011,30-06-2012,6,1202,808502.68,4602.36,5000032831,2009,7,Pick-up,2986,TOYOTA,Own Goods,
01-07-2013,30-06-2014,6,1202,808502.68,4665.58,5000032832,2009,7,Pick-up,2494,TOYOTA,Own Goods,
01-07-2012,30-06-2013,6,1202,808502.68,4227.37,5000032832,2009,7,Pick-up,2494,TOYOTA,Own Goods,
01-07-2011,30-06-2012,6,1202,808502.68,5633.49,5000032832,2009,7,Pick-up,2494,TOYOTA,Own Goods,
01-07-2013,30-06-2014,6,1202,808502.68,4139.73,5000032834,2009,7,Pick-up,2494,TOYOTA,Own Goods,
01-07-2012,30-06-2013,6,1202,808502.68,3789.17,5000032834,2009,7,Pick-up,2494,TOYOTA,Own Goods,
01-07-2011,30-06-2012,6,1202,808502.68,4344.58,5000032834,2009,7,Pick-up,2494,TOYOTA,Own Goods,
08-07-2012,07-07-2013,11,1202,301069.32,2645.15,5000032837,2006,7,Pick-up,2477,MITSUBISHI,Own Goods,4500
08-07-2011,07-07-2012,11,1202,301069.32,2544.942,5000032837,2006,7,Pick-up,2477,MITSUBISHI,Own Goods,2875
08-07-2012,07-07-2013,11,1202,406086.96,5126.94,5000032849,2006,7,Pick-up,2779,TOYOTA,Own Goods,
08-07-2011,07-07-2012,11,1202,406086.96,3962.762,5000032849,2006,7,Pick-up,2779,TOYOTA,Own Goods,139345.96
01-07-2013,30-06-2014,6,1202,615403.52,10283.9,5000032855,2008,0,Bus,4214,ROZA,Own service,
01-07-2012,30-06-2013,6,1202,615403.52,8660.33,5000032855,2008,0,Bus,4214,ROZA,Own service,4700
01-07-2011,30-06-2012,6,1202,615403.52,8490.484,5000032855,2008,0,Bus,4214,ROZA,Own service,
08-07-2012,07-07-2013,11,1202,120000,2329.76,5000032856,1991,7,Pick-up,2477,JIEFANG,Own Goods,
08-07-2011,07-07-2012,11,1202,120000,456.412,5000032856,1991,7,Pick-up,2477,JIEFANG,Own Goods,
01-07-2013,30-06-2014,6,1202,615403.52,7442.65,5000032859,2008,0,Bus,4214,ROZA,Own service,
01-07-2012,30-06-2013,6,1202,615403.52,7848.54,5000032859,2008,0,Bus,4214,ROZA,Own service,8625
01-07-2011,30-06-2012,6,1202,615403.52,6725.734,5000032859,2008,0,Bus,4214,ROZA,Own service,
18-04-2014,17-04-2015,12,1201,2691000,39904.65,5000032861,2011,0,Station Wagones,4164,TOYOTA,Private,
18-04-2013,17-04-2014,12,1201,2691000,32108.57,5000032861,2011,0,Station Wagones,4164,TOYOTA,Private,14200
18-04-2012,17-04-2013,12,1201,2691000,39904.4,5000032861,2011,0,Station Wagones,4164,TOYOTA,Private,
01-07-2013,30-06-2014,6,1202,615403.52,10283.9,5000032862,2008,0,Bus,4214,ROZA,Own service,18466
01-07-2012,30-06-2013,6,1202,615403.52,7848.54,5000032862,2008,0,Bus,4214,ROZA,Own service,5635
01-07-2011,30-06-2012,6,1202,615403.52,6725.734,5000032862,2008,0,Bus,4214,ROZA,Own service,
09-12-2011,08-12-2012,12,1202,745159,13909.94,5000032872,1981,66.6,Truck,6925,RENAULT,Own Goods,
03-10-2013,02-10-2014,13,1201,0,541.95,5000029668,1981,,Automobile,1285,VOLKSWAGON,Private,
20-07-2012,19-07-2013,6,1201,0,707.39,5000029668,1981,,Automobile,1285,VOLKSWAGON,Private,
20-07-2011,19-07-2012,6,1201,0,506.09,5000029668,1981,,Automobile,1285,VOLKSWAGON,Private,
08-08-2013,07-08-2014,11,1202,234992.32,3657.57,5000029875,2008,6,Pick-up,2400,TOYOTA,Own Goods,
08-08-2012,07-08-2013,11,1202,234992.32,3652.57,5000029875,2008,6,Pick-up,2400,TOYOTA,Own Goods,
08-08-2011,07-08-2012,11,1202,234992.32,3487.265,5000029875,2008,6,Pick-up,2400,TOYOTA,Own Goods,4763.55
08-07-2011,07-08-2011,7,1202,234992.32,153.23,5000029875,2008,6,Pick-up,2400,TOYOTA,Own Goods,
08-08-2013,07-08-2014,11,1202,234992.32,3652.57,5000029879,2008,6,Pick-up,2400,TOYOTA,Own Goods,140288
08-08-2012,07-08-2013,11,1202,234992.32,3652.57,5000029879,2008,6,Pick-up,2400,TOYOTA,Own Goods,12839.69
08-08-2011,07-08-2012,11,1202,234992.32,3487.265,5000029879,2008,6,Pick-up,2400,TOYOTA,Own Goods,
08-07-2011,07-08-2011,7,1202,234992.32,148.23,5000029879,2008,6,Pick-up,2400,TOYOTA,Own Goods,
15-11-2013,14-11-2014,8,1202,0,2814.55,5000030101,1977,89.5,Truck,11548,FIAT,General Cartage,
09-11-2012,08-11-2013,8,1202,0,2770.55,5000030101,1977,89.5,Truck,11548,FIAT,General Cartage,
09-11-2011,08-11-2012,8,1202,0,2770.3,5000030101,1977,89.5,Truck,11548,FIAT,General Cartage,
11-09-2013,10-09-2014,1,1202,65000,1537.43,5000030254,1989,7,Pick-up,2446,TOYOTA,Own Goods,
08-08-2012,07-08-2013,1,1202,65000,1537.43,5000030254,1989,7,Pick-up,2446,TOYOTA,Own Goods,
08-08-2011,07-08-2012,1,1202,65000,1333.895,5000030254,1989,7,Pick-up,2446,TOYOTA,Own Goods,
08-07-2011,07-08-2011,1,1202,65000,46,5000030254,1989,7,Pick-up,2446,TOYOTA,Own Goods,
08-07-2013,07-07-2014,80,1202,250000,4576.45,5000030848,2000,11,Bus,2389,NISSAN,Own service,
08-07-2012,07-07-2013,80,1202,250000,4576.45,5000030848,2000,11,Bus,2389,NISSAN,Own service,4600
08-07-2011,07-07-2012,11,1202,200000,3491.486,5000030848,2000,11,Bus,2389,NISSAN,Own service,700
08-07-2013,07-07-2014,80,1202,280000,4976.05,5000030852,2004,11,Bus,1998,TOYOTA,Own service,
08-07-2012,07-07-2013,80,1202,192477.67,4095.12,5000030852,2004,11,Bus,1998,TOYOTA,Own service,
08-07-2011,07-07-2012,11,1202,192477.67,3381.286,5000030852,2004,11,Bus,1998,TOYOTA,Own service,
19-09-2012,18-09-2013,11,1202,500000,12978.23,5000030862,1994,19,Bus,2499,IVECO,Own service,15030238.4
19-09-2011,18-09-2012,11,1202,450000,10645.64,5000030862,1994,19,Bus,2499,IVECO,Own service,
08-07-2011,07-07-2012,11,1202,160000,2948.686,5000030862,1994,19,Bus,2499,IVECO,Own service,
17-09-2013,16-09-2014,6,1202,2445717,622.25,5000030865,1997,120,Special construction,15115,CRANE,Special Construction,
19-09-2012,18-09-2013,6,1202,2445717,14690.45,5000030865,1997,120,Special construction,15115,CRANE,Special Construction,
08-07-2013,07-07-2014,80,1202,250000,5364.05,5000030866,1994,19,Bus,2499,TURBO BUS,Own service,
08-07-2012,07-07-2013,80,1202,250000,5364.05,5000030866,1994,19,Bus,2499,TURBO BUS,Own service,
08-07-2011,07-07-2012,11,1202,160000,2948.686,5000030866,1994,19,Bus,2499,TURBO BUS,Own service,
17-09-2013,16-09-2014,6,1202,4977913,617.25,5000030870,2001,16380,Special construction,0,CRANE,Special Construction,
19-09-2012,18-09-2013,6,1202,4977913,29266.26,5000030870,2001,16380,Special construction,0,CRANE,Special Construction,
08-07-2011,07-07-2012,6,1202,4977913,21455.316,5000030870,2001,16380,Special construction,0,CRANE,Special Construction,
08-07-2011,07-07-2012,11,1202,463000,8318.605,5000030875,1996,45,Bus,0,IVECO,Own service,
17-09-2013,16-09-2014,6,1202,3744220,617.25,5000030876,2000,163,Special construction,0,CRANE,Special Construction,
19-09-2012,18-09-2013,6,1202,3744220,22167.32,5000030876,2000,163,Special construction,0,CRANE,Special Construction,
08-07-2011,07-07-2012,6,1202,3744220,16357.086,5000030876,2000,163,Special construction,0,CRANE,Special Construction,
08-07-2011,07-07-2012,11,1202,469268.41,7068.146,5000030884,2007,11,Bus,0,MITSUBISHI,Own service,
08-07-2013,07-07-2014,80,1202,250000,4576.45,5000030887,1998,11,Bus,1998,TOYOTA,Own service,
08-07-2012,07-07-2013,80,1202,250000,4576.45,5000030887,1998,11,Bus,1998,TOYOTA,Own service,
08-07-2011,07-07-2012,11,1202,157000,2908.726,5000030887,1998,11,Bus,1998,TOYOTA,Own service,
08-07-2013,07-07-2014,80,1202,280000,4976.05,5000030891,2001,11,Bus,1998,TOYOTA,Own service,
08-07-2012,07-07-2013,80,1202,280000,4976.05,5000030891,2001,11,Bus,1998,TOYOTA,Own service,
08-07-2011,07-07-2012,11,1202,156000,2895.406,5000030891,2001,11,Bus,1998,TOYOTA,Own service,4600
08-07-2011,07-07-2012,11,1202,469268.41,8402.105,5000030907,2007,45,Bus,0,MERCEEDES,Own service,
12-07-2013,11-07-2014,6,1202,414000,6536.23,5000031161,2007,137.8,Trailers and semitrailers,0,CALABRESE,General Cartage,
12-07-2012,11-07-2013,6,1202,414000,6307.8,5000031161,2007,137.8,Trailers and semitrailers,0,CALABRESE,General Cartage,134407.78
13-01-2012,12-01-2013,12,1201,0,541.7,5000031161,2007,137.8,Trailers and semitrailers,0,CALABRESE,General Cartage,
03-07-2011,02-07-2012,6,1202,414000,7682.1,5000031161,2007,137.8,Trailers and semitrailers,0,CALABRESE,General Cartage,
03-08-2013,02-08-2014,10,1202,2800000,53819.46,5000031548,2008,155.7,Truck,12800,IVECO,General Cartage,
03-08-2012,02-08-2013,10,1202,2500000,37296.76,5000031548,2008,155.7,Truck,12800,IVECO,General Cartage,4681125
03-08-2011,02-08-2012,10,1202,2500000,34661.992,5000031548,2008,155.7,Truck,12800,IVECO,General Cartage,
24-09-2013,23-09-2014,9,1202,858000,24324.81,5000031823,2008,0,Truck,8226,ISUZU,General Cartage,
24-09-2012,23-09-2013,9,1202,858000,24664.96,5000031823,2008,0,Truck,8226,ISUZU,General Cartage,
24-09-2011,23-09-2012,9,1202,858000,22177.59,5000031823,2008,0,Truck,8226,ISUZU,General Cartage,
08-07-2013,07-07-2014,8,1202,400000,8513.69,5000031827,2003,24,Bus,2000,MITSUBISHI,Own service,
08-07-2012,07-07-2013,8,1202,400000,8973.66,5000031827,2003,24,Bus,2000,MITSUBISHI,Own service,
08-07-2011,07-07-2012,8,1202,400000,7260.416,5000031827,2003,24,Bus,2000,MITSUBISHI,Own service,
08-07-2013,07-07-2014,8,1202,451054.81,13477.64,5000031828,2004,45,Bus,2000,MITSUBISHI,Own service,
10-06-2012,09-06-2013,12,1202,352000,6242.19,5000031870,2008,399,Bus,0,ISUZU,General Cartage,
10-06-2012,09-06-2013,12,1202,686000,16248.34,5000031888,2008,97261,Truck,9726,SINO,General Cartage,22335.54
10-06-2012,09-06-2013,12,1202,686000,11379.51,5000031892,2008,399,Trailers and semitrailers,0,TRAILER,General Cartage,
10-01-2012,09-01-2013,12,1202,0,2814.3,5000031976,1979,100,Truck,11548,FIAT,General Cartage,
22-07-2011,21-07-2012,80,1202,279000,9480.776,5000031976,1979,100,Truck,11548,FIAT,General Cartage,
22-07-2013,21-07-2014,80,1202,350000,1993.04,5000031984,1990,66.6,Truck,0,IVECO,Own Goods,
22-07-2012,21-07-2013,80,1202,279000,10034.59,5000031984,1990,66.6,Truck,0,IVECO,Own Goods,
22-07-2011,21-07-2012,80,1202,279000,9496.033,5000031984,1990,66.6,Truck,0,IVECO,Own Goods,
22-07-2013,21-07-2014,80,1202,350000,1993.04,5000031986,1990,62.2,Truck,0,IVECO,Own Goods,
22-07-2012,21-07-2013,80,1202,279000,10034.59,5000031986,1990,62.2,Truck,0,IVECO,Own Goods,31407.2
22-07-2011,21-07-2012,80,1202,279000,9480.776,5000031986,1990,62.2,Truck,0,IVECO,Own Goods,
22-07-2013,21-07-2014,80,1202,220000,4286.13,5000031996,1982,100,Truck,0,FIAT,Own Goods,
22-07-2012,21-07-2013,80,1202,171000,7005.41,5000031996,1982,100,Truck,0,FIAT,Own Goods,
22-07-2011,21-07-2012,80,1202,0,4424.585,5000031996,1982,100,Truck,0,FIAT,Own Goods,3000
22-07-2013,21-07-2014,80,1202,220000,4167.03,5000032000,1990,100,Truck,0,FIAT,Own Goods,
22-07-2012,21-07-2013,80,1202,171000,7005.41,5000032000,1990,100,Truck,0,FIAT,Own Goods,
22-07-2011,21-07-2012,80,1202,0,5486.005,5000032000,1990,100,Truck,0,FIAT,Own Goods,
08-07-2012,07-07-2013,87,1202,360000,5556.4,5000032015,2010,5,Pick-up,4164,TOYOTA,Own Goods,
08-07-2011,07-07-2012,87,1202,360000,5297.854,5000032015,2010,5,Pick-up,4164,TOYOTA,Own Goods,9302.17
08-07-2012,07-07-2013,87,1202,421500,6382.32,5000032018,2010,6,Pick-up,2779,TOYOTA,Own Goods,
08-07-2011,07-07-2012,87,1202,421500,6118.774,5000032018,2010,6,Pick-up,2779,TOYOTA,Own Goods,
08-07-2012,07-07-2013,87,1202,421500,6382.32,5000032022,2010,6,Pick-up,2779,TOYOTA,Own Goods,
08-07-2011,07-07-2012,87,1202,421500,6118.774,5000032022,2010,6,Pick-up,2779,TOYOTA,Own Goods,
08-07-2012,07-07-2013,87,1202,421500,6382.32,5000032026,2010,6,Pick-up,2779,TOYOTA,Own Goods,
08-07-2011,07-07-2012,87,1202,421500,6118.774,5000032026,2010,6,Pick-up,2779,TOYOTA,Own Goods,
08-07-2012,07-07-2013,87,1202,421500,6382.32,5000032028,2010,5,Pick-up,2779,TOYOTA,Own Goods,
08-07-2011,07-07-2012,87,1202,421500,6118.774,5000032028,2010,5,Pick-up,2779,TOYOTA,Own Goods,
08-07-2012,07-07-2013,87,1202,421500,6382.32,5000032032,2010,6,Pick-up,2779,TOYOTA,Own Goods,
08-07-2011,07-07-2012,87,1202,421500,6118.774,5000032032,2010,6,Pick-up,2779,TOYOTA,Own Goods,
08-07-2012,07-07-2013,87,1202,360000,5556.4,5000032034,2011,2011,Bus,8650,BISHOFTU,Fare Paying Passengers,
08-07-2011,07-07-2012,87,1202,360000,5292.854,5000032034,2011,2011,Bus,8650,BISHOFTU,Fare Paying Passengers,70815.99
08-07-2012,07-07-2013,87,1202,72000,1688.68,5000032035,2010,6,Pick-up,2779,TOYOTA,Own Goods,
08-07-2011,07-07-2012,87,1202,72000,1425.134,5000032035,2010,6,Pick-up,2779,TOYOTA,Own Goods,
05-08-2013,04-08-2014,11,1202,606012,10955.91,5000032041,2010,226.3,Trailers and semitrailers,3000,MESFIN,General Cartage,
05-08-2012,04-08-2013,11,1202,606012,13486.37,5000032041,2010,226.3,Trailers and semitrailers,3000,MESFIN,General Cartage,
08-07-2012,07-07-2013,87,1202,728263,10154.177,5000032041,2010,226.3,Trailers and semitrailers,3000,MESFIN,General Cartage,
05-08-2011,04-08-2012,11,1202,606012,5102.822,5000032041,2010,226.3,Trailers and semitrailers,3000,MESFIN,General Cartage,
08-07-2011,07-07-2012,87,1202,728263,9948.381,5000032041,2010,226.3,Trailers and semitrailers,3000,MESFIN,General Cartage,
08-07-2012,07-07-2013,87,1202,728263,11877.03,5000032043,2010,145,Truck,13798,IVECO,Own Goods,
08-07-2011,07-07-2012,87,1202,728263,11108.683,5000032043,2010,145,Truck,13798,IVECO,Own Goods,
08-07-2012,07-07-2013,87,1202,728263,11877.03,5000032046,2010,145,Truck,13798,IVECO,Own Goods,
08-07-2011,07-07-2012,87,1202,728263,11108.683,5000032046,2010,145,Truck,13798,IVECO,Own Goods,
08-07-2012,07-07-2013,87,1202,275000,5540.18,5000032050,2010,300,Truck,12779,FIAT,Own Goods,
08-07-2011,07-07-2012,87,1202,275000,4863.507,5000032050,2010,300,Truck,12779,FIAT,Own Goods,
08-07-2012,07-07-2013,87,1202,230000,3810.55,5000032052,2010,6,Pick-up,2778,TOYOTA,Own Goods,
08-07-2011,07-07-2012,87,1202,230000,3547.004,5000032052,2010,6,Pick-up,2778,TOYOTA,Own Goods,
08-07-2012,07-07-2013,87,1202,675046,11317.44,5000032054,2010,170,Truck,0,IVECO,Own Goods,
08-07-2011,07-07-2012,87,1202,675046,10492.157,5000032054,2010,170,Truck,0,IVECO,Own Goods,
08-07-2012,07-07-2013,87,1202,230000,3810.55,5000032056,2010,6,Pick-up,2779,TOYOTA,Own Goods,13413.78
08-07-2011,07-07-2012,87,1202,230000,3547.004,5000032056,2010,6,Pick-up,2779,TOYOTA,Own Goods,
08-07-2012,07-07-2013,87,1202,200000,3407.67,5000032057,2010,5,Pick-up,2779,TOYOTA,Own Goods,
08-07-2011,07-07-2012,87,1202,200000,3144.124,5000032057,2010,5,Pick-up,2779,TOYOTA,Own Goods,
08-07-2012,07-07-2013,87,1202,303000,4790.91,5000032059,2010,5,Pick-up,2779,TOYOTA,Own Goods,
08-07-2011,07-07-2012,87,1202,303000,4527.364,5000032059,2010,5,Pick-up,2779,TOYOTA,Own Goods,
08-07-2012,07-07-2013,87,1202,316500,4982.22,5000032061,2010,7,Pick-up,2779,TOYOTA,Own Goods,89733
08-07-2011,07-07-2012,87,1202,316500,4708.674,5000032061,2010,7,Pick-up,2779,TOYOTA,Own Goods,
26-11-2013,25-11-2014,11,1202,690000,6105.33,5000032062,1991,90.3,Truck,2779,SCANIA,Own Goods,
08-07-2012,07-07-2013,87,1202,316500,6197.12,5000032062,1991,90.3,Truck,2779,SCANIA,Own Goods,
27-11-2012,26-11-2013,11,1202,690000,6517.29,5000032062,1991,90.3,Truck,2779,SCANIA,Own Goods,
30-09-2011,29-09-2012,11,1202,290233.78,4181.844,5000032062,1991,90.3,Truck,2779,SCANIA,Own Goods,
08-07-2011,07-07-2012,87,1202,316500,5480.72,5000032062,1991,90.3,Truck,2779,SCANIA,Own Goods,
16-07-2013,15-07-2014,9,1201,160000,2655.24,5000029486,1992,,Automobile,1295,TOYOTA,Private,
15-07-2012,14-07-2013,9,1201,160000,2568.83,5000029486,1992,,Automobile,1295,TOYOTA,Private,
15-07-2011,14-07-2012,9,1201,160000,2686.5,5000029486,1992,,Automobile,1295,TOYOTA,Private,
04-09-2013,03-09-2014,11,1202,300725,3569.75,5000029673,2002,7,Pick-up,2774,TOYOTA,Own Goods,77020
08-07-2012,07-07-2013,11,1202,300725,2979.78,5000029673,2002,7,Pick-up,2774,TOYOTA,Own Goods,64112.5
08-07-2011,07-07-2012,11,1202,300725,2875.72,5000029673,2002,7,Pick-up,2774,TOYOTA,Own Goods,
08-07-2011,07-07-2012,11,1202,300725,3082.3,5000029674,2002,7,Pick-up,2774,TOYOTA,Own Goods,1387216.32
04-09-2013,03-09-2014,11,1202,244926,6861.37,5000029676,2002,0,Bus,4164,MERCEEDES,Own service,
08-07-2012,07-07-2013,11,1202,244926,8022.2,5000029676,2002,0,Bus,4164,MERCEEDES,Own service,
08-07-2011,07-07-2012,11,1202,244926,5747.015,5000029676,2002,0,Bus,4164,MERCEEDES,Own service,16355.82
30-09-2013,29-09-2014,5,1201,110000,2016.29,5000030646,1989,,Automobile,2446,TOYOTA,Private,30076.86
30-09-2012,29-09-2013,5,1201,110000,1397.5,5000030646,1989,,Automobile,2446,TOYOTA,Private,
30-09-2011,29-09-2012,5,1201,0,2096.347,5000030646,1989,,Automobile,2446,TOYOTA,Private,42734
10-06-2012,09-06-2013,12,1202,352000,6242.19,5000032016,2008,399,Trailers and semitrailers,0,TRAILER,General Cartage,
10-06-2012,09-06-2013,12,1202,686000,16069.98,5000032025,2008,97261,Truck,9726,SINO,General Cartage,14882.5
10-06-2012,09-06-2013,12,1202,352000,6541.29,5000032029,2008,399,Trailers and semitrailers,0,TRAILER,General Cartage,
10-06-2012,09-06-2013,12,1202,686000,18145.74,5000032033,2008,97261,Truck,9726,SINO,General Cartage,6398.7
10-06-2012,09-06-2013,12,1202,686000,8756.77,5000032037,2008,97261,Truck,9727,TRAKKER,General Cartage,
10-06-2012,09-06-2013,12,1202,352000,4090.85,5000032038,2008,399,Trailers and semitrailers,0,ZZ,General Cartage,
10-06-2012,09-06-2013,12,1202,686000,8793.55,5000032039,2014,0,Bus,4334,ISUZU,Fare Paying Passengers,
10-06-2012,09-06-2013,12,1202,352000,4196.45,5000032045,2008,399,Trailers and semitrailers,0,ZZ,General Cartage,
10-06-2012,09-06-2013,12,1202,686000,11235.48,5000032060,2008,97261,Truck,9726,ZZ,General Cartage,849439.43
10-06-2012,09-06-2013,12,1202,686000,8534.41,5000032067,2008,97261,Truck,9726,IVECO,General Cartage,
10-06-2012,09-06-2013,12,1202,352000,6242.19,5000032069,2008,399,Trailers and semitrailers,0,MESFIN,General Cartage,
09-01-2014,08-01-2015,8,1202,917960.76,7639.67,5000032073,2006,6.2,Pick-up,2494,TOYOTA,Own Goods,
09-01-2013,08-01-2014,8,1202,917960.76,5578.26,5000032073,2006,6.2,Pick-up,2494,TOYOTA,Own Goods,39443
09-01-2012,08-01-2013,8,1202,917960.76,5950.82,5000032073,2006,6.2,Pick-up,2494,TOYOTA,Own Goods,
10-06-2012,09-06-2013,12,1202,352000,6242.19,5000032107,2008,399,Trailers and semitrailers,0,MESFIN,General Cartage,
08-07-2013,07-07-2014,13,1202,0,1822.6,5000032394,2006,7,Station Wagones,4146,TOYOTA,Private,
08-07-2012,07-07-2013,95,1201,725000,6544.25,5000032394,2006,7,Station Wagones,4146,TOYOTA,Private,
08-07-2011,07-07-2012,95,1201,740000,8747.585,5000032394,2006,7,Station Wagones,4146,TOYOTA,Private,
10-06-2012,09-06-2013,12,1202,352000,6748.87,5000032086,2008,399,Trailers and semitrailers,0,SCHMITZ,General Cartage,
25-12-2013,24-12-2014,12,1202,1600000,47104.86,5000032426,2007,17006,Tanker,13798,IVECO,General Cartage,
25-12-2012,24-12-2013,12,1202,1600000,45358.99,5000032426,2007,17006,Tanker,13798,IVECO,General Cartage,
06-09-2011,05-09-2012,7,1202,0,33953.539,5000032426,2007,17006,Tanker,13798,IVECO,General Cartage,1117805
25-12-2013,24-12-2014,12,1202,400000,12672.45,5000032428,2007,25994,Trailers and semitrailers,0,MARU,General Cartage,
25-12-2012,24-12-2013,12,1202,400000,11764.23,5000032428,2007,25994,Trailers and semitrailers,0,MARU,General Cartage,
06-09-2011,05-09-2012,7,1202,358800,10066.908,5000032428,2007,25994,Trailers and semitrailers,0,MARU,General Cartage,558902.5
08-07-2013,07-07-2014,94,1202,0,106.73,5000032442,1982,,Tractor,0,ZZ,Own Goods,
08-07-2012,07-07-2013,94,1202,0,690.28,5000032442,1982,,Tractor,0,ZZ,Own Goods,
08-07-2011,07-07-2012,94,1202,0,525.575,5000032442,1982,,Tractor,0,ZZ,Own Goods,
10-06-2012,09-06-2013,12,1202,686000,8534.41,5000032090,2008,97261,Truck,9780,NISSAN,General Cartage,
08-07-2012,07-07-2013,94,1202,0,703.62,5000032443,1982,15,Tractor,0,IVECO,Own Goods,
08-07-2011,07-07-2012,94,1202,0,540.595,5000032443,1982,15,Tractor,0,IVECO,Own Goods,
08-07-2013,07-07-2014,94,1202,0,106.73,5000032463,1982,,Tractor,0,NATFA,Own Goods,
08-07-2012,07-07-2013,94,1202,0,690.28,5000032463,1982,,Tractor,0,NATFA,Own Goods,
08-07-2011,07-07-2012,94,1202,0,513.905,5000032463,1982,,Tractor,0,NATFA,Own Goods,
10-06-2012,09-06-2013,12,1202,352000,6242.19,5000032097,2008,399,Trailers and semitrailers,0,MESFIN,General Cartage,649439.43
10-06-2012,09-06-2013,12,1202,686000,9178,5000032098,2008,97.5,Truck,9726,IVECO,General Cartage,
10-06-2012,09-06-2013,12,1202,352000,7319.73,5000032103,2008,399,Trailers and semitrailers,0,MESFIN,General Cartage,222048
08-07-2013,07-07-2014,94,1202,0,118.4,5000032469,1982,0,Tractor,0,IVECO,Own Goods,
08-07-2012,07-07-2013,94,1202,0,696.95,5000032469,1982,0,Tractor,0,IVECO,Own Goods,
08-07-2011,07-07-2012,94,1202,0,527.245,5000032469,1982,0,Tractor,0,IVECO,Own Goods,
08-07-2013,07-07-2014,94,1202,0,106.73,5000032474,1982,5,Tractor,0,IVECO,Own Goods,
08-07-2012,07-07-2013,94,1202,0,690.28,5000032474,1982,5,Tractor,0,IVECO,Own Goods,
08-07-2011,07-07-2012,94,1202,0,513.905,5000032474,1982,5,Tractor,0,IVECO,Own Goods,
08-07-2013,07-07-2014,94,1202,0,106.73,5000032478,1982,5,Tractor,0,IVECO,Own Goods,
08-07-2012,07-07-2013,94,1202,0,723.98,5000032478,1982,5,Tractor,0,IVECO,Own Goods,
08-07-2011,07-07-2012,94,1202,0,106.73,5000032478,1982,5,Tractor,0,IVECO,Own Goods,
08-07-2013,07-07-2014,94,1202,0,106.73,5000032483,1984,15,Tractor,0,FIAT,Agricultural Own Farm,
08-07-2012,07-07-2013,94,1202,0,690.28,5000032483,1984,15,Tractor,0,FIAT,Agricultural Own Farm,
08-07-2011,07-07-2012,94,1202,0,513.905,5000032483,1984,15,Tractor,0,FIAT,Agricultural Own Farm,
08-07-2013,07-07-2014,94,1202,0,106.73,5000032485,1982,0,Tractor,0,IVECO,Own Goods,
08-07-2012,07-07-2013,94,1202,0,723.98,5000032485,1982,0,Tractor,0,IVECO,Own Goods,
08-07-2011,07-07-2012,94,1202,0,113.4,5000032485,1982,0,Tractor,0,IVECO,Own Goods,
08-07-2013,07-07-2014,94,1202,0,113.4,5000032488,1982,0,Tractor,0,IVECO,Own Goods,
08-07-2012,07-07-2013,94,1202,0,730.65,5000032488,1982,0,Tractor,0,IVECO,Own Goods,
08-07-2011,07-07-2012,94,1202,0,120.07,5000032488,1982,0,Tractor,0,IVECO,Own Goods,
08-07-2013,07-07-2014,94,1202,0,113.4,5000032501,1982,0,Tractor,0,ZZ,Own Goods,
08-07-2012,07-07-2013,94,1202,0,696.95,5000032501,1982,0,Tractor,0,ZZ,Own Goods,
08-07-2011,07-07-2012,94,1202,0,527.245,5000032501,1982,0,Tractor,0,ZZ,Own Goods,
08-07-2013,07-07-2014,94,1202,0,106.73,5000032503,1984,0,Tractor,0,FIAT,Agricultural Own Farm,
08-07-2012,07-07-2013,94,1202,0,723.98,5000032503,1984,0,Tractor,0,FIAT,Agricultural Own Farm,
08-07-2011,07-07-2012,94,1202,0,106.73,5000032503,1984,0,Tractor,0,FIAT,Agricultural Own Farm,
08-07-2013,07-07-2014,94,1202,0,106.73,5000032506,1982,7,Tractor,0,IVECO,Own Goods,
08-07-2012,07-07-2013,94,1202,0,745.98,5000032506,1982,7,Tractor,0,IVECO,Own Goods,
08-07-2011,07-07-2012,94,1202,0,513.905,5000032506,1982,7,Tractor,0,IVECO,Own Goods,
08-07-2013,07-07-2014,94,1202,0,106.73,5000032512,1982,0,Tractor,0,IVECO,Own Goods,
08-07-2012,07-07-2013,94,1202,0,723.98,5000032512,1982,0,Tractor,0,IVECO,Own Goods,
08-07-2011,07-07-2012,94,1202,0,106.73,5000032512,1982,0,Tractor,0,IVECO,Own Goods,
08-07-2013,07-07-2014,94,1202,0,106.73,5000032513,1982,,Tractor,0,IVECO,Own Goods,
08-07-2012,07-07-2013,94,1202,0,659.23,5000032513,1982,,Tractor,0,IVECO,Own Goods,
08-07-2011,07-07-2012,94,1202,0,513.905,5000032513,1982,,Tractor,0,IVECO,Own Goods,
08-07-2013,07-07-2014,94,1202,0,106.73,5000032515,1982,50,Tractor,0,NATFA,Own Goods,
08-07-2012,07-07-2013,94,1202,0,690.28,5000032515,1982,50,Tractor,0,NATFA,Own Goods,
08-07-2011,07-07-2012,94,1202,0,518.905,5000032515,1982,50,Tractor,0,NATFA,Own Goods,
08-07-2013,07-07-2014,9,1202,650000,16846.22,5000032698,2007,25,Bus,4214,MITSUBISHI,Fare Paying Passengers,
08-07-2012,07-07-2013,9,1202,650000,17776.16,5000032698,2007,25,Bus,4214,MITSUBISHI,Fare Paying Passengers,
08-07-2011,07-07-2012,9,1202,650000,18705.86,5000032698,2007,25,Bus,4214,MITSUBISHI,Fare Paying Passengers,
08-07-2013,07-07-2014,9,1202,354598.13,10070.72,5000032710,2007,0,Bus,4214,MITSUBISHI,Fare Paying Passengers,
08-07-2012,07-07-2013,9,1202,650000,16846.22,5000032710,2007,0,Bus,4214,MITSUBISHI,Fare Paying Passengers,
08-07-2011,07-07-2012,9,1202,650000,17775.91,5000032710,2007,0,Bus,4214,MITSUBISHI,Fare Paying Passengers,
07-08-2013,06-08-2014,11,1202,350000,6151.75,5000032881,2007,56.2,Truck,0,NISSAN,Own Goods,
07-08-2012,06-08-2013,11,1202,350000,6151.75,5000032881,2007,56.2,Truck,0,NISSAN,Own Goods,
07-08-2011,06-08-2012,11,1202,350000,4365.2,5000032881,2007,56.2,Truck,0,NISSAN,Own Goods,
22-10-2012,21-10-2013,11,1202,1656000,35794.445,5000029626,2006,200,Truck,12503,NISSAN,General Cartage,
22-10-2011,21-10-2012,11,1202,1656000,40783.7,5000029626,2006,200,Truck,12503,NISSAN,General Cartage,
08-07-2013,07-07-2014,11,1201,450000,6558.65,5000029806,1996,,Automobile,4164,TOYOTA,Private,
08-07-2012,07-07-2013,11,1201,450000,6558.65,5000029806,1996,,Automobile,4164,TOYOTA,Private,
08-08-2011,07-07-2012,11,1201,184437,3025.23,5000029806,1996,,Automobile,4164,TOYOTA,Private,
08-07-2011,07-08-2011,3,1201,184437,156.04,5000029806,1996,,Automobile,4164,TOYOTA,Private,
08-07-2011,07-08-2011,3,1201,75000,63.45,5000029816,1988,,Automobile,0,TOYOTA,Private,
08-07-2011,07-08-2011,3,1201,75000,63.45,5000029818,1985,,Automobile,0,TOYOTA,Private,
08-07-2011,07-08-2011,3,1201,75000,63.45,5000029821,1985,,Automobile,0,TOYOTA,Private,
08-07-2013,07-07-2014,11,1201,1700000,22138.65,5000029824,2009,,Station Wagones,4164,TOYOTA,Private,
08-07-2012,07-07-2013,11,1201,1700000,22138.65,5000029824,2009,,Station Wagones,4164,TOYOTA,Private,
08-08-2011,07-07-2012,11,1201,2200000,26097.19,5000029824,2009,,Station Wagones,4164,TOYOTA,Private,
08-07-2011,07-08-2011,3,1201,2200000,1861.26,5000029824,2009,,Station Wagones,4164,TOYOTA,Private,
08-07-2013,07-07-2014,8,1202,800000,42029.1,5000030636,2000,4,Bus,4164,TOYOTA,Own service,
08-07-2012,07-07-2013,8,1202,800000,33842.77,5000030636,2000,4,Bus,4164,TOYOTA,Own service,15000
08-07-2011,07-07-2012,8,1202,270000,15375.324,5000030636,2000,4,Bus,4164,TOYOTA,Own service,
08-07-2013,07-07-2014,8,1202,431157,12366.9,5000030641,2004,24,Bus,4214,MITSUBISHI,Own service,
08-07-2012,07-07-2013,8,1202,431157,13502.21,5000030641,2004,24,Bus,4214,MITSUBISHI,Own service,
08-07-2011,07-07-2012,8,1202,431157,13909.581,5000030641,2004,24,Bus,4214,MITSUBISHI,Own service,
25-12-2013,24-12-2014,13,1202,0,726.75,5000031159,1992,7,Pick-up,2000,TOYOTA,Own Goods,
04-01-2013,03-01-2014,13,1202,0,726.75,5000031159,1992,7,Pick-up,2000,TOYOTA,Own Goods,
19-08-2011,18-08-2012,7,1202,100000,2075.03,5000031159,1992,7,Pick-up,2000,TOYOTA,Own Goods,
11-12-2012,10-12-2013,11,1201,300000,3788.83,5000031187,2009,,Automobile,1292,ABAY,Private,188583.72
11-12-2011,10-12-2012,11,1201,300000,4004.7,5000031187,2009,,Automobile,1292,ABAY,Private,
12-12-2012,11-12-2013,2,1202,157500,5418.049,5000031208,1995,229,Trailers and semitrailers,0,ROLFO,General Cartage,
08-12-2011,07-12-2012,2,1202,157500,5372.959,5000031208,1995,229,Trailers and semitrailers,0,ROLFO,General Cartage,
07-08-2013,06-08-2014,12,1201,120000,2078.69,5000031218,1990,10,Automobile,1300,TOYOTA,Private,
07-08-2012,06-08-2013,12,1201,120000,1714.53,5000031218,1990,10,Automobile,1300,TOYOTA,Private,
21-08-2011,20-08-2012,10,1202,500000,14473.471,5000031256,2005,0,Bus,0,TOYOTA,Fare Paying Passengers,
07-07-2012,06-07-2013,10,1202,873000,24264.62,5000031269,2010,0,Truck,8226,ISUZU,General Cartage,
07-07-2011,06-07-2012,10,1202,873000,23485.15,5000031269,2010,0,Truck,8226,ISUZU,General Cartage,
08-07-2013,07-07-2014,85,1201,383200,3818.43,5000031492,2008,,Automobile,1300,MITSUBISHI,Private,
08-07-2012,07-07-2013,85,1201,383200,3708.18,5000031492,2008,,Automobile,1300,MITSUBISHI,Private,9308.99
08-07-2011,07-07-2012,85,1201,383200,4083.058,5000031492,2008,,Automobile,1300,MITSUBISHI,Private,
08-07-2013,07-07-2014,79,1201,200000,3164.45,5000031742,1988,,Automobile,1270,NISSAN,Private,
08-07-2012,07-07-2013,79,1201,200000,3164.45,5000031742,1988,,Automobile,1270,NISSAN,Private,
08-07-2011,07-07-2012,79,1201,165000,2019.898,5000031742,1988,,Automobile,1270,NISSAN,Private,
08-07-2013,07-07-2014,79,1201,915000,12326.13,5000031743,2000,,Automobile,4164,TOYOTA,Private,
08-07-2012,07-07-2013,79,1201,915000,12326.13,5000031743,2000,,Automobile,4164,TOYOTA,Private,
08-07-2011,07-07-2012,79,1201,915000,9495.818,5000031743,2000,,Automobile,4164,TOYOTA,Private,
08-07-2013,07-07-2014,79,1201,110000,2041.97,5000031744,1984,,Automobile,1390,RENAULT,Private,
08-07-2012,07-07-2013,79,1201,110000,2041.97,5000031744,1984,,Automobile,1390,RENAULT,Private,
08-07-2011,07-07-2012,79,1201,156839.36,1938.608,5000031744,1984,,Automobile,1390,RENAULT,Private,
08-07-2013,07-07-2014,79,1201,250000,3987.15,5000031745,1984,,Automobile,2559,MITSUBISHI,Private,
08-07-2012,07-07-2013,79,1201,250000,3987.15,5000031745,1984,,Automobile,2559,MITSUBISHI,Private,
08-07-2011,07-07-2012,79,1201,48100,804.563,5000031745,1984,,Automobile,2559,MITSUBISHI,Private,
08-07-2013,07-07-2014,79,1201,56787.16,1556.5,5000031746,1988,,Automobile,4169,NISSAN,Private,
08-07-2012,07-07-2013,79,1201,56787.16,1556.5,5000031746,1988,,Automobile,4169,NISSAN,Private,
08-07-2011,07-07-2012,79,1201,56787.16,565.67,5000031746,1988,,Automobile,4169,NISSAN,Private,
08-07-2013,07-07-2014,79,1201,300000,4521.65,5000031747,1990,,Automobile,1570,MITSUBISHI,Private,
08-07-2012,07-07-2013,79,1201,300000,4521.65,5000031747,1990,,Automobile,1570,MITSUBISHI,Private,
08-07-2011,07-07-2012,79,1201,48100,919.018,5000031747,1990,,Automobile,1570,MITSUBISHI,Private,
08-07-2013,07-07-2014,79,1201,180000,3004.11,5000031748,1990,,Automobile,2237,TOYOTA,Private,
08-07-2012,07-07-2013,79,1201,180000,3004.11,5000031748,1990,,Automobile,2237,TOYOTA,Private,
08-07-2011,07-07-2012,79,1201,49566.29,493.74,5000031748,1990,,Automobile,2237,TOYOTA,Private,
08-07-2013,07-07-2014,79,1201,280000,4428.41,5000031749,1988,,Station Wagones,4164,NISSAN,Private,
08-07-2012,07-07-2013,79,1201,280000,4428.41,5000031749,1988,,Station Wagones,4164,NISSAN,Private,
08-07-2011,07-07-2012,79,1201,0,1095.847,5000031749,1988,,Station Wagones,4164,NISSAN,Private,
08-07-2013,07-07-2014,79,1201,250000,3921.15,5000031750,1990,,Automobile,3956,TOYOTA,Private,
08-07-2012,07-07-2013,79,1201,250000,3921.15,5000031750,1990,,Automobile,3956,TOYOTA,Private,
08-07-2011,07-07-2012,79,1201,49556.29,493.64,5000031750,1990,,Automobile,3956,TOYOTA,Private,
23-09-2013,22-09-2014,11,1201,400000,4800,5000031751,1990,10,Station Wagones,3956,TOYOTA,Private,
23-09-2012,22-09-2013,11,1201,400000,4565,5000031751,1990,10,Station Wagones,3956,TOYOTA,Private,
08-07-2012,07-07-2013,79,1201,590000,8161.63,5000031751,1990,10,Station Wagones,3956,TOYOTA,Private,
23-09-2011,22-09-2012,11,1201,400000,4560,5000031751,1990,10,Station Wagones,3956,TOYOTA,Private,
08-07-2011,07-07-2012,79,1201,590000,5877.12,5000031751,1990,10,Station Wagones,3956,TOYOTA,Private,
23-09-2013,22-09-2014,11,1201,400000,4805,5000031752,1990,10,Station Wagones,3956,TOYOTA,Private,
23-09-2012,22-09-2013,11,1201,400000,4560,5000031752,1990,10,Station Wagones,3956,TOYOTA,Private,
23-09-2011,22-09-2012,11,1201,400000,4560,5000031752,1990,10,Station Wagones,3956,TOYOTA,Private,
08-07-2011,07-07-2012,79,1201,590000,5877.12,5000031752,1990,10,Station Wagones,3956,TOYOTA,Private,
08-07-2013,07-07-2014,79,1201,400000,5835.95,5000031753,1990,,Automobile,3956,TOYOTA,Private,
08-07-2012,07-07-2013,79,1201,400000,5835.95,5000031753,1990,,Automobile,3956,TOYOTA,Private,
08-07-2011,07-07-2012,79,1201,0,6355.795,5000031753,1990,,Automobile,3956,TOYOTA,Private,
08-07-2013,07-07-2014,79,1201,110000,2041.97,5000031754,1984,,Automobile,1390,RENAULT,Private,
08-07-2012,07-07-2013,79,1201,110000,2041.97,5000031754,1984,,Automobile,1390,RENAULT,Private,
08-07-2011,07-07-2012,79,1201,156839.36,1938.608,5000031754,1984,,Automobile,1390,RENAULT,Private,
08-07-2013,07-07-2014,79,1201,110000,2041.97,5000031755,1984,,Automobile,1390,RENAULT,Private,
08-07-2012,07-07-2013,79,1201,110000,2041.97,5000031755,1984,,Automobile,1390,RENAULT,Private,51704.22
08-07-2011,07-07-2012,79,1201,156839.36,1938.608,5000031755,1984,,Automobile,1390,RENAULT,Private,
08-07-2013,07-07-2014,79,1201,200000,3164.45,5000031756,1988,,Automobile,1270,NISSAN,Private,
08-07-2012,07-07-2013,79,1201,200000,3174.45,5000031756,1988,,Automobile,1270,NISSAN,Private,
08-07-2011,07-07-2012,79,1201,165000,2019.898,5000031756,1988,,Automobile,1270,NISSAN,Private,
08-07-2013,07-07-2014,79,1201,160000,2665.57,5000031757,1984,,Automobile,1588,TOYOTA,Private,
08-07-2012,07-07-2013,79,1201,160000,2665.57,5000031757,1984,,Automobile,1588,TOYOTA,Private,
08-07-2011,07-07-2012,79,1201,80000,1173.198,5000031757,1984,,Automobile,1588,TOYOTA,Private,
08-07-2013,07-07-2014,79,1201,200000,3164.45,5000031758,1988,,Automobile,1270,NISSAN,Private,
08-07-2012,07-07-2013,79,1201,200000,3164.45,5000031758,1988,,Automobile,1270,NISSAN,Private,
08-07-2011,07-07-2012,79,1201,165000,2019.898,5000031758,1988,,Automobile,1270,NISSAN,Private,
08-07-2013,07-07-2014,79,1201,200000,3169.45,5000031762,1988,,Automobile,1270,NISSAN,Private,
08-07-2012,07-07-2013,79,1201,200000,3169.45,5000031762,1988,,Automobile,1270,NISSAN,Private,
08-07-2011,07-07-2012,79,1201,165000,2019.898,5000031762,1988,,Automobile,1270,NISSAN,Private,
08-07-2013,07-07-2014,79,1201,200000,3164.45,5000031763,1988,,Automobile,1270,NISSAN,Private,
08-07-2012,07-07-2013,79,1201,200000,3164.45,5000031763,1988,,Automobile,1270,NISSAN,Private,
08-07-2011,07-07-2012,79,1201,165000,2019.898,5000031763,1988,,Automobile,1270,NISSAN,Private,
08-07-2013,07-07-2014,79,1201,200000,3164.45,5000031766,1988,,Automobile,1270,NISSAN,Private,
08-07-2012,07-07-2013,79,1201,200000,3164.45,5000031766,1988,,Automobile,1270,NISSAN,Private,3450
08-07-2011,07-07-2012,79,1201,165000,2019.898,5000031766,1988,,Automobile,1270,NISSAN,Private,14516
08-07-2013,07-07-2014,79,1201,200000,3164.45,5000031768,1988,,Automobile,1270,NISSAN,Private,
08-07-2012,07-07-2013,79,1201,200000,3164.45,5000031768,1988,,Automobile,1270,NISSAN,Private,
08-07-2011,07-07-2012,79,1201,165000,1643.6,5000031768,1988,,Automobile,1270,NISSAN,Private,
08-07-2013,07-07-2014,79,1201,110000,2041.97,5000031771,2011,0,Special construction,4164,INTERNATIONAL USE,Own service,
08-07-2012,07-07-2013,79,1201,110000,2041.97,5000031771,2011,0,Special construction,4164,INTERNATIONAL USE,Own service,
08-07-2011,07-07-2012,79,1201,70000,1073.588,5000031771,2011,0,Special construction,4164,INTERNATIONAL USE,Own service,
08-07-2013,07-07-2014,79,1201,400000,5884.95,5000031772,1990,,Automobile,3956,TOYOTA,Private,
08-07-2012,07-07-2013,79,1201,400000,5879.95,5000031772,1990,,Automobile,3956,TOYOTA,Private,
08-07-2011,07-07-2012,79,1201,590000,6253.418,5000031772,1990,,Automobile,3956,TOYOTA,Private,
08-07-2013,07-07-2014,79,1201,200000,3164.45,5000031774,1988,,Automobile,1270,NISSAN,Private,
08-07-2012,07-07-2013,79,1201,200000,3164.45,5000031774,1988,,Automobile,1270,NISSAN,Private,4600
23-09-2011,22-09-2012,11,1201,150000,1710,5000031774,1988,,Automobile,1270,NISSAN,Private,
08-07-2011,07-07-2012,79,1201,165000,1643.6,5000031774,1988,,Automobile,1270,NISSAN,Private,
08-07-2013,07-07-2014,79,1201,200000,3164.45,5000031776,1988,,Automobile,1270,NISSAN,Private,
08-07-2012,07-07-2013,79,1201,200000,3164.45,5000031776,1988,,Automobile,1270,NISSAN,Private,
08-07-2011,07-07-2012,79,1201,165000,2024.898,5000031776,1988,,Automobile,1270,NISSAN,Private,
08-07-2013,07-07-2014,79,1201,20000,482.79,5000031778,1999,,Motor-cycle,183,SUZUKI,Own service,
08-07-2012,07-07-2013,79,1201,20000,466.29,5000031778,1999,,Motor-cycle,183,SUZUKI,Own service,
08-07-2011,07-07-2012,79,1201,21381.08,217.98,5000031778,1999,,Motor-cycle,183,SUZUKI,Own service,
08-07-2012,07-07-2013,87,1202,1250000,19038.84,5000031943,2006,154,Truck,0,IVECO,Own Goods,
08-07-2011,07-07-2012,87,1202,1250000,18213.557,5000031943,2006,154,Truck,0,IVECO,Own Goods,
08-07-2012,07-07-2013,87,1202,255000,4146.3,5000031945,2004,6,Pick-up,2402,FORD,Own Goods,
08-07-2011,07-07-2012,87,1202,255000,3882.754,5000031945,2004,6,Pick-up,2402,FORD,Own Goods,
08-07-2012,07-07-2013,87,1202,295000,4683.48,5000031959,1995,6,Pick-up,4164,TOYOTA,Own Goods,
08-07-2011,07-07-2012,87,1202,295000,4419.934,5000031959,1995,6,Pick-up,4164,TOYOTA,Own Goods,8050.67
08-07-2012,07-07-2013,87,1202,422708.15,7773.54,5000031960,1990,130,Truck,0,MERCEEDES,Own Goods,
08-07-2011,07-07-2012,87,1202,422708.15,7005.193,5000031960,1990,130,Truck,0,MERCEEDES,Own Goods,
08-07-2012,07-07-2013,87,1202,234315,3481.3,5000031968,2010,232,Trailers and semitrailers,0,MESFIN,Own Goods,
08-07-2011,07-07-2012,87,1202,234315,3364.896,5000031968,2010,232,Trailers and semitrailers,0,MESFIN,Own Goods,
21-11-2013,20-11-2014,13,1202,0,804.85,5000029641,1971,0,Automobile,1648,PEUGEOT,Taxi,
21-11-2012,20-11-2013,12,1202,0,804.85,5000029641,1971,0,Automobile,1648,PEUGEOT,Taxi,
28-08-2012,27-08-2013,8,1201,72345.93,1793.81,5000029641,1971,0,Automobile,1648,PEUGEOT,Taxi,
07-01-2014,06-01-2015,14,1202,0,1940.05,5000029957,1972,57.3,Truck,5184,FIAT,General Cartage,
24-07-2012,23-07-2013,5,1202,0,1851.8,5000029957,1972,57.3,Truck,5184,FIAT,General Cartage,
24-07-2011,23-07-2012,5,1202,0,2197.789,5000029957,1972,57.3,Truck,5184,FIAT,General Cartage,
13-10-2012,12-10-2013,28,1201,220000,3673.45,5000030499,2010,,Automobile,1292,ABAY,Private,7177.01
13-10-2011,12-10-2012,28,1201,220000,3047.9,5000030499,2010,,Automobile,1292,ABAY,Private,5950
05-10-2011,04-10-2012,59,1201,149500,3763.14,5000030522,1986,,Automobile,1296,TOYOTA,Private,
25-08-2013,24-08-2014,11,1201,320000,3629.13,5000030644,2006,,Automobile,1796,SUZUKI,Private,
25-08-2012,24-08-2013,11,1201,320000,3585.13,5000030644,2006,,Automobile,1796,SUZUKI,Private,
25-08-2011,24-08-2012,11,1201,320000,3376.001,5000030644,2006,,Automobile,1796,SUZUKI,Private,
08-07-2013,07-07-2014,9,1202,0,2709.18,5000030802,1999,21,Bus,4164,TOYOTA,Own service,
08-07-2012,07-07-2013,9,1202,0,2743.32,5000030802,1999,21,Bus,4164,TOYOTA,Own service,
08-07-2011,07-07-2012,9,1202,0,2168.675,5000030802,1999,21,Bus,4164,TOYOTA,Own service,
08-07-2013,07-07-2014,9,1202,0,2704.18,5000030811,1999,21,Bus,4164,TOYOTA,Own service,110404.8
08-07-2012,07-07-2013,9,1202,0,2748.32,5000030811,1999,21,Bus,4164,TOYOTA,Own service,
08-07-2011,07-07-2012,9,1202,0,2168.675,5000030811,1999,21,Bus,4164,TOYOTA,Own service,
08-07-2013,07-07-2014,9,1202,0,2709.18,5000030812,1999,21,Bus,4164,TOYOTA,Own service,
08-07-2012,07-07-2013,9,1202,0,2748.32,5000030812,1999,21,Bus,4164,TOYOTA,Own service,
08-07-2011,07-07-2012,9,1202,0,2178.675,5000030812,1999,21,Bus,4164,TOYOTA,Own service,
08-07-2011,07-08-2011,11,1202,230000,127.89,5000030821,2000,,Pick-up,0,TOYOTA,Own Goods,
08-07-2012,07-07-2013,87,1202,230000,3810.55,5000031978,2010,7,Pick-up,2779,TOYOTA,Own Goods,1740
08-07-2011,07-07-2012,87,1202,230000,3547.004,5000031978,2010,7,Pick-up,2779,TOYOTA,Own Goods,
08-07-2012,07-07-2013,87,1202,265000,5113.29,5000031980,2010,30,Truck,2779,MERCEEDES,Own Goods,
08-07-2011,07-07-2012,87,1202,265000,4544.032,5000031980,2010,30,Truck,2779,MERCEEDES,Own Goods,
08-07-2012,07-07-2013,87,1202,230000,5495.75,5000031981,2010,300,Truck,0,ISUZU,Own Goods,
08-07-2011,07-07-2012,87,1202,230000,4613.52,5000031981,2010,300,Truck,0,ISUZU,Own Goods,
08-07-2012,07-07-2013,87,1202,180000,3990.48,5000031983,2010,300,Tanker,0,DAF,Own Goods,
08-07-2011,07-07-2012,87,1202,180000,3414.358,5000031983,2010,300,Tanker,0,DAF,Own Goods,
08-07-2012,07-07-2013,87,1202,200000,4532.97,5000031990,2010,6,Truck,0,FIAT,Own Goods,
08-07-2011,07-07-2012,87,1202,200000,3856.297,5000031990,2010,6,Truck,0,FIAT,Own Goods,
08-07-2012,07-07-2013,87,1202,180000,4264.38,5000031991,2010,85,Truck,0,FIAT,Own Goods,
08-07-2011,07-07-2012,87,1202,180000,3587.707,5000031991,2010,85,Truck,0,FIAT,Own Goods,
08-07-2012,07-07-2013,87,1202,200000,4532.97,5000031992,2010,82,Truck,0,NISSAN,Own Goods,
08-07-2011,07-07-2012,87,1202,200000,3856.297,5000031992,2010,82,Truck,0,NISSAN,Own Goods,
08-07-2012,07-07-2013,87,1202,198000,2993.61,5000031993,1986,258,Trailers and semitrailers,0,MESFIN,Own Goods,
08-07-2011,07-07-2012,87,1202,198000,2872.206,5000031993,1986,258,Trailers and semitrailers,0,MESFIN,Own Goods,
08-07-2012,07-07-2013,87,1202,60000,2771.62,5000031995,2010,15861,Tanker,0,DAF,Own Goods,
08-07-2011,07-07-2012,87,1202,60000,2051.332,5000031995,2010,15861,Tanker,0,DAF,Own Goods,
08-07-2012,07-07-2013,87,1202,246000,4025.43,5000031997,2010,6,Pick-up,2400,TOYOTA,Own Goods,
08-07-2011,07-07-2012,87,1202,246000,3761.884,5000031997,2010,6,Pick-up,2400,TOYOTA,Own Goods,
08-07-2012,07-07-2013,87,1202,246000,4025.43,5000031998,1998,6,Pick-up,2400,TOYOTA,Own Goods,29836.74
08-07-2011,07-07-2012,87,1202,246000,3761.884,5000031998,1998,6,Pick-up,2400,TOYOTA,Own Goods,
08-07-2012,07-07-2013,87,1202,246000,4025.43,5000031999,1999,6,Pick-up,2400,TOYOTA,Own Goods,
08-07-2011,07-07-2012,87,1202,246000,3761.884,5000031999,1999,6,Pick-up,2400,TOYOTA,Own Goods,
